0,BiLSTM_self_attention__liar,2020-04-21 10:31:28.198412,"0.001,100,0.5",1,0.2675907665863633,0.26444403556260193,18.84765625,22.585227272727273,0.2265625,0.5,0.2265625,0.5,0.2265625,0.5
0,BiLSTM_self_attention__liar,2020-04-21 10:31:30.110407,"0.001,100,0.5",2,0.26249123346060516,0.26559013399210846,19.267578125,23.4375,0.234375,0.5,0.234375,0.5,0.234375,0.5
0,BiLSTM_self_attention__liar,2020-04-21 10:31:31.798830,"0.001,100,0.5",3,0.26123601738363506,0.27019886807961896,19.9609375,23.295454545454547,0.234375,0.25,0.234375,0.25,0.234375,0.25
0,BiLSTM_self_attention__liar,2020-04-21 10:31:33.476679,"0.001,100,0.5",4,0.2614377213642001,0.2699748941443183,20.361328125,23.366477272727273,0.234375,0.25,0.234375,0.25,0.234375,0.25
0,BiLSTM_self_attention__liar,2020-04-21 10:31:35.401947,"0.001,100,0.5",5,0.2609023280441761,0.26514422351663763,20.947265625,22.37215909090909,0.1484375,0.25,0.1484375,0.25,0.1484375,0.25
0,BiLSTM_self_attention__liar,2020-04-21 10:31:37.225520,"0.001,100,0.5",6,0.26057027764618396,0.26924041319977154,21.19140625,24.21875,0.1640625,0.5,0.1640625,0.5,0.1640625,0.5
0,BiLSTM_self_attention__liar,2020-04-21 10:31:39.124725,"0.001,100,0.5",7,0.2595758369192481,0.2626620991663499,21.904296875,18.110795454545453,0.2421875,0.25,0.2421875,0.25,0.2421875,0.25
0,BiLSTM_self_attention__liar,2020-04-21 10:31:40.901367,"0.001,100,0.5",8,0.25884083081036807,0.2668750231916254,22.744140625,21.37784090909091,0.234375,0.5,0.234375,0.5,0.234375,0.5
0,BiLSTM_self_attention__liar,2020-04-21 10:31:43.090564,"0.001,100,0.5",9,0.2588943190872669,0.2617170661687851,22.2265625,24.71590909090909,0.3046875,0.5,0.3046875,0.5,0.3046875,0.5
0,BiLSTM_self_attention__liar,2020-04-21 10:31:44.814967,"0.001,100,0.5",10,0.2588517803698778,0.26431847973303363,22.59765625,23.508522727272727,0.140625,0.25,0.140625,0.25,0.140625,0.25
0,BiLSTM_self_attention__liar,2020-04-21 10:31:46.728334,"0.001,100,0.5",11,0.25822157990187405,0.2663963626731526,22.7734375,24.360795454545453,0.28125,0.5,0.28125,0.5,0.28125,0.5
0,BiLSTM_self_attention__liar,2020-04-21 10:31:48.591840,"0.001,100,0.5",12,0.25737538244575264,0.26581327752633527,23.18359375,25.710227272727273,0.2265625,0.5,0.2265625,0.5,0.2265625,0.5
0,BiLSTM_self_attention__liar,2020-04-21 10:31:50.554012,"0.001,100,0.5",13,0.2566424019634724,0.26746393604712054,23.2421875,27.130681818181817,0.15625,0.75,0.15625,0.75,0.15625,0.75
0,BiLSTM_self_attention__liar,2020-04-21 10:31:52.268040,"0.001,100,0.5",14,0.25628770887851715,0.265343728390607,24.248046875,26.633522727272727,0.1875,0.5,0.1875,0.5,0.1875,0.5
0,BiLSTM_self_attention__liar,2020-04-21 10:31:54.180642,"0.001,100,0.5",15,0.25479777697473766,0.26436655900695105,24.345703125,25.071022727272727,0.2890625,0.25,0.2890625,0.25,0.2890625,0.25
0,BiLSTM_self_attention__liar,2020-04-21 10:31:56.109389,"0.001,100,0.5",16,0.25480418615043166,0.26038701967759564,23.701171875,25.639204545454547,0.203125,0.5,0.203125,0.5,0.203125,0.5
0,BiLSTM_self_attention__liar,2020-04-21 10:31:57.927980,"0.001,100,0.5",17,0.2545365305617452,0.26193288239565765,24.541015625,24.71590909090909,0.2890625,0.5,0.2890625,0.5,0.2890625,0.5
0,BiLSTM_self_attention__liar,2020-04-21 10:31:59.647269,"0.001,100,0.5",18,0.2536542544141412,0.2695598006248474,24.912109375,25.78125,0.25,0.75,0.25,0.75,0.25,0.75
0,BiLSTM_self_attention__liar,2020-04-21 10:32:01.318717,"0.001,100,0.5",19,0.2522709986194968,0.29578870263966645,25.29296875,17.96875,0.2109375,0.25,0.2109375,0.25,0.2109375,0.25
0,BiLSTM_self_attention__liar,2020-04-21 10:32:03.030701,"0.001,100,0.5",20,0.25264581125229596,0.2719901583411477,25.25390625,25.568181818181817,0.3046875,0.5,0.3046875,0.5,0.3046875,0.5
0,BiLSTM_self_attention__liar,2020-04-21 10:32:04.984954,"0.001,100,0.5",21,0.25100755225867033,0.27309548583897675,25.537109375,25.49715909090909,0.25,0.5,0.25,0.5,0.25,0.5
0,BiLSTM_self_attention__liar,2020-04-21 10:32:06.643653,"0.001,100,0.5",22,0.25137718915939333,0.2741191766478799,25.76171875,25.28409090909091,0.3125,0.5,0.3125,0.5,0.3125,0.5
0,BiLSTM_self_attention__liar,2020-04-21 10:32:08.328099,"0.001,100,0.5",23,0.2501334141939878,0.26542143659158185,26.40625,24.431818181818183,0.328125,0.5,0.328125,0.5,0.328125,0.5
0,BiLSTM_self_attention__liar,2020-04-21 10:32:09.987028,"0.001,100,0.5",24,0.24962135292589666,0.27233084765347565,26.0546875,23.863636363636363,0.25,0.25,0.25,0.25,0.25,0.25
0,BiLSTM_self_attention__liar,2020-04-21 10:32:11.654877,"0.001,100,0.5",25,0.2483227388933301,0.2800618979063901,27.03125,24.005681818181817,0.21875,0.5,0.21875,0.5,0.21875,0.5
0,BiLSTM_self_attention__liar,2020-04-21 10:32:13.470596,"0.001,100,0.5",26,0.24863977245986463,0.285140489990061,27.880859375,23.15340909090909,0.3046875,0.5,0.3046875,0.5,0.3046875,0.5
0,BiLSTM_self_attention__liar,2020-04-21 10:32:15.189409,"0.001,100,0.5",27,0.24746938794851303,0.2756255485794761,27.001953125,24.005681818181817,0.28125,0.25,0.28125,0.25,0.28125,0.25
0,BiLSTM_self_attention__liar,2020-04-21 10:32:16.880810,"0.001,100,0.5",28,0.24430180359631776,0.2775240730155598,28.740234375,25.28409090909091,0.1953125,0.5,0.1953125,0.5,0.1953125,0.5
0,BiLSTM_self_attention__liar,2020-04-21 10:32:18.571190,"0.001,100,0.5",29,0.24379758201539517,0.2803689512339505,28.76953125,23.082386363636363,0.28125,0.25,0.28125,0.25,0.28125,0.25
0,BiLSTM_self_attention__liar,2020-04-21 10:32:20.310697,"0.001,100,0.5",30,0.2431951878592372,0.2814688303253867,29.21875,23.011363636363637,0.2109375,0.25,0.2109375,0.25,0.2109375,0.25
0,BiLSTM_self_attention__liar,2020-04-21 10:32:22.146563,"0.001,100,0.5",31,0.24233457818627357,0.2820849906314503,29.208984375,23.011363636363637,0.28125,0.25,0.28125,0.25,0.28125,0.25
0,BiLSTM_self_attention__liar,2020-04-21 10:32:23.812161,"0.001,100,0.5",32,0.24308068957179785,0.28468511321327905,29.0625,24.928977272727273,0.3359375,0.5,0.3359375,0.5,0.3359375,0.5
1,BiLSTM_self_attention__liar,2020-04-21 10:32:25.950253,"0.001,100,0.5",1,0.2671155406162143,0.28021467138420453,18.30078125,23.863636363636363,0.2265625,0.25,0.2265625,0.25,0.2265625,0.25
1,BiLSTM_self_attention__liar,2020-04-21 10:32:27.848273,"0.001,100,0.5",2,0.26344541292637585,0.26830405267802154,19.697265625,23.863636363636363,0.0546875,0.5,0.0546875,0.5,0.0546875,0.5
1,BiLSTM_self_attention__liar,2020-04-21 10:32:29.702031,"0.001,100,0.5",3,0.2616923810914159,0.2721856168725274,20.83984375,21.37784090909091,0.1953125,0.25,0.1953125,0.25,0.1953125,0.25
1,BiLSTM_self_attention__liar,2020-04-21 10:32:31.848474,"0.001,100,0.5",4,0.26147484313696623,0.26625986803661694,20.3515625,25.78125,0.234375,0.5,0.234375,0.5,0.234375,0.5
1,BiLSTM_self_attention__liar,2020-04-21 10:32:33.553234,"0.001,100,0.5",5,0.26066015753895044,0.2672562436624007,20.87890625,24.573863636363637,0.25,0.25,0.25,0.25,0.25,0.25
1,BiLSTM_self_attention__liar,2020-04-21 10:32:35.200603,"0.001,100,0.5",6,0.2601750619709492,0.2715418284589594,20.888671875,18.963068181818183,0.171875,0.25,0.171875,0.25,0.171875,0.25
1,BiLSTM_self_attention__liar,2020-04-21 10:32:36.861800,"0.001,100,0.5",7,0.2607460802420974,0.26673224568367004,21.455078125,19.744318181818183,0.1796875,0.25,0.1796875,0.25,0.1796875,0.25
1,BiLSTM_self_attention__liar,2020-04-21 10:32:38.770002,"0.001,100,0.5",8,0.2596070721745491,0.26971506666053424,21.904296875,23.579545454545453,0.21875,0.5,0.21875,0.5,0.21875,0.5
1,BiLSTM_self_attention__liar,2020-04-21 10:32:40.449883,"0.001,100,0.5",9,0.258925973251462,0.2667616172270341,22.51953125,24.644886363636363,0.171875,0.5,0.171875,0.5,0.171875,0.5
1,BiLSTM_self_attention__liar,2020-04-21 10:32:42.306355,"0.001,100,0.5",10,0.258313163369894,0.26495301858945325,22.63671875,23.295454545454547,0.1953125,0.25,0.1953125,0.25,0.1953125,0.25
1,BiLSTM_self_attention__liar,2020-04-21 10:32:44.550539,"0.001,100,0.5",11,0.2570510121062398,0.2640152722597122,22.87109375,23.366477272727273,0.2421875,0.25,0.2421875,0.25,0.2421875,0.25
1,BiLSTM_self_attention__liar,2020-04-21 10:32:46.233970,"0.001,100,0.5",12,0.2573431143537164,0.265939862890677,22.314453125,24.147727272727273,0.1640625,0.5,0.1640625,0.5,0.1640625,0.5
1,BiLSTM_self_attention__liar,2020-04-21 10:32:47.905351,"0.001,100,0.5",13,0.2553501596674323,0.2770788181911815,24.228515625,22.94034090909091,0.171875,0.5,0.171875,0.5,0.171875,0.5
1,BiLSTM_self_attention__liar,2020-04-21 10:32:49.964149,"0.001,100,0.5",14,0.2560943113639951,0.2638022574511441,23.49609375,26.06534090909091,0.234375,0.75,0.234375,0.75,0.234375,0.75
1,BiLSTM_self_attention__liar,2020-04-21 10:32:54.107585,"0.001,100,0.5",15,0.2549455059692264,0.2623214775865728,24.7265625,28.480113636363637,0.3046875,0.75,0.3046875,0.75,0.3046875,0.75
1,BiLSTM_self_attention__liar,2020-04-21 10:32:55.831277,"0.001,100,0.5",16,0.2550783034414053,0.2680188471620733,24.21875,23.295454545454547,0.2265625,0.5,0.2265625,0.5,0.2265625,0.5
1,BiLSTM_self_attention__liar,2020-04-21 10:32:57.496777,"0.001,100,0.5",17,0.2538213949650526,0.2667022672566501,24.23828125,24.786931818181817,0.21875,0.5,0.21875,0.5,0.21875,0.5
1,BiLSTM_self_attention__liar,2020-04-21 10:32:59.190824,"0.001,100,0.5",18,0.25299306139349936,0.2682920762083747,24.66796875,22.230113636363637,0.2265625,0.25,0.2265625,0.25,0.2265625,0.25
1,BiLSTM_self_attention__liar,2020-04-21 10:33:00.943503,"0.001,100,0.5",19,0.2518123771995306,0.2721565474163402,25.1171875,22.37215909090909,0.234375,0.25,0.234375,0.25,0.234375,0.25
1,BiLSTM_self_attention__liar,2020-04-21 10:33:02.737260,"0.001,100,0.5",20,0.25111639928072693,0.26986314220861957,25.654296875,25.213068181818183,0.265625,0.5,0.265625,0.5,0.265625,0.5
1,BiLSTM_self_attention__liar,2020-04-21 10:33:04.425026,"0.001,100,0.5",21,0.25160219948738816,0.27370615980841895,25.8203125,25.78125,0.3203125,0.25,0.3203125,0.25,0.3203125,0.25
1,BiLSTM_self_attention__liar,2020-04-21 10:33:06.075551,"0.001,100,0.5",22,0.2509387409314513,0.2943733497099443,26.1328125,20.525568181818183,0.234375,0.25,0.234375,0.25,0.234375,0.25
1,BiLSTM_self_attention__liar,2020-04-21 10:33:07.718662,"0.001,100,0.5",23,0.24989122226834298,0.27627974477681244,26.40625,21.661931818181817,0.265625,0.25,0.265625,0.25,0.265625,0.25
1,BiLSTM_self_attention__liar,2020-04-21 10:33:09.370612,"0.001,100,0.5",24,0.2502208434045315,0.27420152588324115,26.34765625,20.59659090909091,0.2109375,0.25,0.2109375,0.25,0.2109375,0.25
1,BiLSTM_self_attention__liar,2020-04-21 10:33:11.016147,"0.001,100,0.5",25,0.24866490606218578,0.2785316895354878,26.953125,21.59090909090909,0.2890625,0.0,0.2890625,0.0,0.2890625,0.0
1,BiLSTM_self_attention__liar,2020-04-21 10:33:12.705648,"0.001,100,0.5",26,0.24736200645565987,0.26825953207232733,27.63671875,26.988636363636363,0.25,0.5,0.25,0.5,0.25,0.5
1,BiLSTM_self_attention__liar,2020-04-21 10:33:14.380562,"0.001,100,0.5",27,0.24656551126390697,0.2701318589123813,27.79296875,25.213068181818183,0.3046875,0.5,0.3046875,0.5,0.3046875,0.5
1,BiLSTM_self_attention__liar,2020-04-21 10:33:16.030197,"0.001,100,0.5",28,0.24463049210608007,0.2713449543172663,28.7890625,26.349431818181817,0.2890625,0.5,0.2890625,0.5,0.2890625,0.5
1,BiLSTM_self_attention__liar,2020-04-21 10:33:17.701506,"0.001,100,0.5",29,0.24398715179413558,0.2745303619991649,29.12109375,22.514204545454547,0.2734375,0.25,0.2734375,0.25,0.2734375,0.25
1,BiLSTM_self_attention__liar,2020-04-21 10:33:19.411582,"0.001,100,0.5",30,0.24314113706350327,0.274613773280924,29.013671875,25.852272727272727,0.2734375,0.5,0.2734375,0.5,0.2734375,0.5
1,BiLSTM_self_attention__liar,2020-04-21 10:33:21.120176,"0.001,100,0.5",31,0.24325192552059888,0.27563955838030035,29.62890625,23.650568181818183,0.3125,0.25,0.3125,0.25,0.3125,0.25
2,BiLSTM_self_attention__liar,2020-04-21 10:33:23.261334,"0.001,100,0.5",1,0.2673424407839775,0.2678697569803758,17.802734375,20.667613636363637,0.140625,0.25,0.140625,0.25,0.140625,0.25
2,BiLSTM_self_attention__liar,2020-04-21 10:33:24.997315,"0.001,100,0.5",2,0.26322184037417173,0.2700906287540089,19.501953125,19.744318181818183,0.2109375,0.25,0.2109375,0.25,0.2109375,0.25
2,BiLSTM_self_attention__liar,2020-04-21 10:33:26.838499,"0.001,100,0.5",3,0.2620130993425846,0.2719747017730366,20.341796875,22.514204545454547,0.2265625,0.25,0.2265625,0.25,0.2265625,0.25
2,BiLSTM_self_attention__liar,2020-04-21 10:33:29.095752,"0.001,100,0.5",4,0.262002975307405,0.26295653121037915,19.66796875,24.005681818181817,0.171875,0.5,0.171875,0.5,0.171875,0.5
2,BiLSTM_self_attention__liar,2020-04-21 10:33:30.794217,"0.001,100,0.5",5,0.26069446112960576,0.26412071694027295,19.90234375,19.389204545454547,0.140625,0.25,0.140625,0.25,0.140625,0.25
2,BiLSTM_self_attention__liar,2020-04-21 10:33:32.471260,"0.001,100,0.5",6,0.26012631971389055,0.2679890340024775,21.337890625,23.579545454545453,0.1875,0.5,0.1875,0.5,0.1875,0.5
2,BiLSTM_self_attention__liar,2020-04-21 10:33:34.373803,"0.001,100,0.5",7,0.25977873057127,0.26790984923189337,21.38671875,24.928977272727273,0.2890625,0.5,0.2890625,0.5,0.2890625,0.5
2,BiLSTM_self_attention__liar,2020-04-21 10:33:36.378179,"0.001,100,0.5",8,0.2591535624116659,0.2619308964772658,21.591796875,23.72159090909091,0.2109375,0.5,0.2109375,0.5,0.2109375,0.5
2,BiLSTM_self_attention__liar,2020-04-21 10:33:38.260191,"0.001,100,0.5",9,0.2589835377410054,0.26599204675717786,21.73828125,26.136363636363637,0.234375,0.5,0.234375,0.5,0.234375,0.5
2,BiLSTM_self_attention__liar,2020-04-21 10:33:39.959650,"0.001,100,0.5",10,0.25818450935184956,0.2665687149221247,22.40234375,22.514204545454547,0.2265625,0.25,0.2265625,0.25,0.2265625,0.25
2,BiLSTM_self_attention__liar,2020-04-21 10:33:41.665012,"0.001,100,0.5",11,0.2581268971785903,0.2632350813258778,22.490234375,22.869318181818183,0.25,0.25,0.25,0.25,0.25,0.25
2,BiLSTM_self_attention__liar,2020-04-21 10:33:43.316749,"0.001,100,0.5",12,0.25729740411043167,0.2674876708876003,23.134765625,24.928977272727273,0.234375,0.5,0.234375,0.5,0.234375,0.5
2,BiLSTM_self_attention__liar,2020-04-21 10:33:45.422640,"0.001,100,0.5",13,0.25660917777568104,0.2676120644265955,23.73046875,26.349431818181817,0.2578125,0.5,0.2578125,0.5,0.2578125,0.5
2,BiLSTM_self_attention__liar,2020-04-21 10:33:47.147271,"0.001,100,0.5",14,0.25590983871370554,0.26527086984027515,23.1640625,25.071022727272727,0.21875,0.5,0.21875,0.5,0.21875,0.5
2,BiLSTM_self_attention__liar,2020-04-21 10:33:48.818889,"0.001,100,0.5",15,0.25568798165768386,0.26724428751251916,23.935546875,24.005681818181817,0.2734375,0.5,0.2734375,0.5,0.2734375,0.5
2,BiLSTM_self_attention__liar,2020-04-21 10:33:50.659147,"0.001,100,0.5",16,0.2544909339398146,0.27213566411625256,24.3359375,23.011363636363637,0.203125,0.25,0.203125,0.25,0.203125,0.25
2,BiLSTM_self_attention__liar,2020-04-21 10:33:52.344670,"0.001,100,0.5",17,0.25478523708879947,0.26554691791534424,24.462890625,24.005681818181817,0.25,0.5,0.25,0.5,0.25,0.5
2,BiLSTM_self_attention__liar,2020-04-21 10:33:54.025874,"0.001,100,0.5",18,0.25400513894855975,0.26987637985836377,24.990234375,20.59659090909091,0.234375,0.25,0.234375,0.25,0.234375,0.25
2,BiLSTM_self_attention__liar,2020-04-21 10:33:56.018864,"0.001,100,0.5",19,0.252995908819139,0.2648486142808741,24.84375,27.201704545454547,0.1953125,0.5,0.1953125,0.5,0.1953125,0.5
2,BiLSTM_self_attention__liar,2020-04-21 10:33:57.745231,"0.001,100,0.5",20,0.2506028404459357,0.26569590785286645,25.869140625,26.06534090909091,0.296875,0.5,0.296875,0.5,0.296875,0.5
2,BiLSTM_self_attention__liar,2020-04-21 10:33:59.439615,"0.001,100,0.5",21,0.24993203673511744,0.2661302523179488,26.7578125,24.928977272727273,0.2578125,0.5,0.2578125,0.5,0.2578125,0.5
2,BiLSTM_self_attention__liar,2020-04-21 10:34:01.092876,"0.001,100,0.5",22,0.2491344217211008,0.26796345819126477,26.337890625,24.857954545454547,0.2109375,0.5,0.2109375,0.5,0.2109375,0.5
2,BiLSTM_self_attention__liar,2020-04-21 10:34:02.748599,"0.001,100,0.5",23,0.24855356924235822,0.26857002214951947,26.962890625,23.082386363636363,0.3671875,0.25,0.3671875,0.25,0.3671875,0.25
2,BiLSTM_self_attention__liar,2020-04-21 10:34:04.435636,"0.001,100,0.5",24,0.24879644587635993,0.27091784368861804,26.962890625,24.644886363636363,0.2578125,0.5,0.2578125,0.5,0.2578125,0.5
0,BiLSTM_attention__liar,2020-04-21 10:34:06.253963,"0.001,100,0.5",1,0.2670877085998654,0.2739244618199088,19.453125,21.661931818181817,0.1796875,0.5,0.1796875,0.5,0.1796875,0.5
0,BiLSTM_attention__liar,2020-04-21 10:34:07.838674,"0.001,100,0.5",2,0.2634901853278279,0.26724221354181116,19.462890625,17.826704545454547,0.25,0.0,0.25,0.0,0.25,0.0
0,BiLSTM_attention__liar,2020-04-21 10:34:09.559670,"0.001,100,0.5",3,0.26133495960384606,0.26494581726464356,20.263671875,23.082386363636363,0.2421875,0.5,0.2421875,0.5,0.2421875,0.5
0,BiLSTM_attention__liar,2020-04-21 10:34:11.176641,"0.001,100,0.5",4,0.26065856907516716,0.26379588923671027,19.814453125,22.017045454545453,0.2265625,0.25,0.2265625,0.25,0.2265625,0.25
0,BiLSTM_attention__liar,2020-04-21 10:34:12.795182,"0.001,100,0.5",5,0.2604036260396242,0.2636545327576724,20.634765625,23.011363636363637,0.1875,0.5,0.1875,0.5,0.1875,0.5
0,BiLSTM_attention__liar,2020-04-21 10:34:14.535349,"0.001,100,0.5",6,0.2595795337110758,0.26005536859685724,21.396484375,23.15340909090909,0.1484375,0.5,0.1484375,0.5,0.1484375,0.5
0,BiLSTM_attention__liar,2020-04-21 10:34:17.625805,"0.001,100,0.5",7,0.2591058252379298,0.26315810870040546,21.728515625,22.585227272727273,0.1640625,0.25,0.1640625,0.25,0.1640625,0.25
0,BiLSTM_attention__liar,2020-04-21 10:34:19.165607,"0.001,100,0.5",8,0.2582174876704812,0.2618990066376599,20.9765625,22.727272727272727,0.2109375,0.25,0.2109375,0.25,0.2109375,0.25
0,BiLSTM_attention__liar,2020-04-21 10:34:20.789929,"0.001,100,0.5",9,0.25765128824859856,0.2619984122839841,21.806640625,26.27840909090909,0.234375,0.5,0.234375,0.5,0.234375,0.5
0,BiLSTM_attention__liar,2020-04-21 10:34:22.408771,"0.001,100,0.5",10,0.25743460543453695,0.25887669351967896,22.509765625,25.49715909090909,0.203125,0.5,0.203125,0.5,0.203125,0.5
0,BiLSTM_attention__liar,2020-04-21 10:34:24.023420,"0.001,100,0.5",11,0.2570720357820392,0.2603386247699911,22.236328125,23.508522727272727,0.25,0.25,0.25,0.25,0.25,0.25
0,BiLSTM_attention__liar,2020-04-21 10:34:25.780582,"0.001,100,0.5",12,0.25694815423339606,0.25650257684967737,22.890625,28.40909090909091,0.21875,0.75,0.21875,0.75,0.21875,0.75
0,BiLSTM_attention__liar,2020-04-21 10:34:27.432317,"0.001,100,0.5",13,0.2561211248859763,0.25767847760157153,23.369140625,28.977272727272727,0.28125,0.75,0.28125,0.75,0.28125,0.75
0,BiLSTM_attention__liar,2020-04-21 10:34:29.023395,"0.001,100,0.5",14,0.255283715762198,0.26240081814202393,23.4765625,28.053977272727273,0.265625,0.5,0.265625,0.5,0.265625,0.5
0,BiLSTM_attention__liar,2020-04-21 10:34:30.717561,"0.001,100,0.5",15,0.2545328186824918,0.2555774585767226,23.80859375,26.633522727272727,0.296875,0.5,0.296875,0.5,0.296875,0.5
0,BiLSTM_attention__liar,2020-04-21 10:34:32.432793,"0.001,100,0.5",16,0.2545384017750621,0.2535914412953637,23.994140625,29.474431818181817,0.25,0.75,0.25,0.75,0.25,0.75
0,BiLSTM_attention__liar,2020-04-21 10:34:34.032463,"0.001,100,0.5",17,0.2542616371065378,0.25455478917468677,23.818359375,24.21875,0.2109375,0.5,0.2109375,0.5,0.2109375,0.5
0,BiLSTM_attention__liar,2020-04-21 10:34:35.601461,"0.001,100,0.5",18,0.2550729937851429,0.2655083591287786,23.49609375,26.704545454545453,0.2265625,0.5,0.2265625,0.5,0.2265625,0.5
0,BiLSTM_attention__liar,2020-04-21 10:34:37.125164,"0.001,100,0.5",19,0.25285001285374165,0.25373001396656036,24.638671875,26.84659090909091,0.3046875,0.5,0.3046875,0.5,0.3046875,0.5
0,BiLSTM_attention__liar,2020-04-21 10:34:38.645015,"0.001,100,0.5",20,0.25204672906547787,0.258622329343449,24.677734375,28.693181818181817,0.2109375,0.5,0.2109375,0.5,0.2109375,0.5
0,BiLSTM_attention__liar,2020-04-21 10:34:40.361845,"0.001,100,0.5",21,0.2523277452215552,0.2541863254525445,25.15625,25.639204545454547,0.3046875,0.5,0.3046875,0.5,0.3046875,0.5
0,BiLSTM_attention__liar,2020-04-21 10:34:41.971644,"0.001,100,0.5",22,0.25193389821797607,0.2520541169426658,25.185546875,26.917613636363637,0.21875,0.5,0.21875,0.5,0.21875,0.5
0,BiLSTM_attention__liar,2020-04-21 10:34:43.501984,"0.001,100,0.5",23,0.2507514225319028,0.2539016536690972,25.810546875,26.491477272727273,0.1953125,0.5,0.1953125,0.5,0.1953125,0.5
0,BiLSTM_attention__liar,2020-04-21 10:34:45.070401,"0.001,100,0.5",24,0.249832365475595,0.2542028034275228,26.2890625,25.994318181818183,0.2734375,0.5,0.2734375,0.5,0.2734375,0.5
0,BiLSTM_attention__liar,2020-04-21 10:34:46.607202,"0.001,100,0.5",25,0.24942550677806138,0.2559795786033977,26.923828125,27.130681818181817,0.203125,0.5,0.203125,0.5,0.203125,0.5
0,BiLSTM_attention__liar,2020-04-21 10:34:48.133134,"0.001,100,0.5",26,0.24983669742941855,0.2538908692923459,25.80078125,28.764204545454547,0.21875,0.75,0.21875,0.75,0.21875,0.75
0,BiLSTM_attention__liar,2020-04-21 10:34:49.687729,"0.001,100,0.5",27,0.24837163239717483,0.2645211734554984,26.826171875,24.50284090909091,0.28125,0.25,0.28125,0.25,0.28125,0.25
0,BiLSTM_attention__liar,2020-04-21 10:34:51.218789,"0.001,100,0.5",28,0.24830630384385585,0.2692249268293381,27.294921875,24.21875,0.2421875,0.25,0.2421875,0.25,0.2421875,0.25
0,BiLSTM_attention__liar,2020-04-21 10:34:52.716664,"0.001,100,0.5",29,0.24795006290078164,0.26615328003059735,26.533203125,24.857954545454547,0.1875,0.25,0.1875,0.25,0.1875,0.25
0,BiLSTM_attention__liar,2020-04-21 10:34:54.234345,"0.001,100,0.5",30,0.2471222348511219,0.260572532361204,27.24609375,25.639204545454547,0.296875,0.25,0.296875,0.25,0.296875,0.25
0,BiLSTM_attention__liar,2020-04-21 10:34:55.833438,"0.001,100,0.5",31,0.2467077996581793,0.26030000231482764,27.294921875,25.426136363636363,0.2578125,0.5,0.2578125,0.5,0.2578125,0.5
0,BiLSTM_attention__liar,2020-04-21 10:34:57.340134,"0.001,100,0.5",32,0.24585443027317525,0.2635412148453973,27.5390625,26.27840909090909,0.2265625,0.25,0.2265625,0.25,0.2265625,0.25
0,BiLSTM_attention__liar,2020-04-21 10:34:58.852625,"0.001,100,0.5",33,0.24595556855201722,0.2615508450703187,27.9296875,27.982954545454547,0.3203125,0.5,0.3203125,0.5,0.3203125,0.5
0,BiLSTM_attention__liar,2020-04-21 10:35:00.373002,"0.001,100,0.5",34,0.2427710946649313,0.26304284821857105,29.326171875,25.071022727272727,0.2578125,0.25,0.2578125,0.25,0.2578125,0.25
0,BiLSTM_attention__liar,2020-04-21 10:35:01.862710,"0.001,100,0.5",35,0.2421018650755286,0.2638550387187438,28.896484375,25.568181818181817,0.296875,0.25,0.296875,0.25,0.296875,0.25
0,BiLSTM_attention__liar,2020-04-21 10:35:03.376457,"0.001,100,0.5",36,0.2426630588248372,0.26364571804350073,29.31640625,27.62784090909091,0.25,0.5,0.25,0.5,0.25,0.5
0,BiLSTM_attention__liar,2020-04-21 10:35:04.919310,"0.001,100,0.5",37,0.24225480742752553,0.26373773271387274,28.10546875,26.917613636363637,0.2578125,0.5,0.2578125,0.5,0.2578125,0.5
0,BiLSTM_attention__liar,2020-04-21 10:35:06.435812,"0.001,100,0.5",38,0.2421388590708375,0.2637003335085782,28.61328125,27.698863636363637,0.3046875,0.5,0.3046875,0.5,0.3046875,0.5
0,BiLSTM_attention__liar,2020-04-21 10:35:07.923548,"0.001,100,0.5",39,0.24219387378543616,0.2655980018052188,28.798828125,25.426136363636363,0.2890625,0.25,0.2890625,0.25,0.2890625,0.25
0,BiLSTM_attention__liar,2020-04-21 10:35:09.459233,"0.001,100,0.5",40,0.2420799881219864,0.2684702602299777,29.013671875,27.769886363636363,0.2734375,0.5,0.2734375,0.5,0.2734375,0.5
0,BiLSTM_attention__liar,2020-04-21 10:35:11.048071,"0.001,100,0.5",41,0.2426124582067132,0.2678632140159607,28.90625,27.982954545454547,0.2578125,0.5,0.2578125,0.5,0.2578125,0.5
0,BiLSTM_attention__liar,2020-04-21 10:35:12.568279,"0.001,100,0.5",42,0.24200890734791755,0.2653513564304872,29.697265625,27.769886363636363,0.21875,0.5,0.21875,0.5,0.21875,0.5
0,BiLSTM_attention__liar,2020-04-21 10:35:14.088301,"0.001,100,0.5",43,0.24146588556468487,0.2674838887019591,28.65234375,27.485795454545453,0.3671875,0.5,0.3671875,0.5,0.3671875,0.5
0,BiLSTM_attention__liar,2020-04-21 10:35:15.646609,"0.001,100,0.5",44,0.24197192303836346,0.2665691768581217,29.091796875,24.928977272727273,0.296875,0.25,0.296875,0.25,0.296875,0.25
0,BiLSTM_attention__liar,2020-04-21 10:35:17.146152,"0.001,100,0.5",45,0.2410202758386731,0.2688209279017015,28.935546875,27.272727272727273,0.296875,0.5,0.296875,0.5,0.296875,0.5
0,BiLSTM_attention__liar,2020-04-21 10:35:18.651455,"0.001,100,0.5",46,0.2426717162132263,0.2653841254386035,28.73046875,24.50284090909091,0.28125,0.25,0.28125,0.25,0.28125,0.25
0,BiLSTM_attention__liar,2020-04-21 10:35:20.212890,"0.001,100,0.5",47,0.2414678165689111,0.2677715163339268,28.837890625,24.573863636363637,0.3359375,0.25,0.3359375,0.25,0.3359375,0.25
0,BiLSTM_attention__liar,2020-04-21 10:35:21.744271,"0.001,100,0.5",48,0.24203567039221524,0.26824326000430365,29.541015625,24.928977272727273,0.296875,0.25,0.296875,0.25,0.296875,0.25
0,BiLSTM_attention__liar,2020-04-21 10:35:23.250544,"0.001,100,0.5",49,0.24218809586018325,0.26844451102343475,28.96484375,25.28409090909091,0.2890625,0.25,0.2890625,0.25,0.2890625,0.25
0,BiLSTM_attention__liar,2020-04-21 10:35:24.775340,"0.001,100,0.5",50,0.24164182413369417,0.26715157113292,28.779296875,25.0,0.25,0.25,0.25,0.25,0.25,0.25
1,BiLSTM_attention__liar,2020-04-21 10:35:26.535026,"0.001,100,0.5",1,0.266611073166132,0.2693261477080258,20.15625,16.335227272727273,0.125,0.25,0.125,0.25,0.125,0.25
1,BiLSTM_attention__liar,2020-04-21 10:35:28.206162,"0.001,100,0.5",2,0.26326090153306725,0.2692834450439973,19.580078125,23.72159090909091,0.1796875,0.25,0.1796875,0.25,0.1796875,0.25
1,BiLSTM_attention__liar,2020-04-21 10:35:29.816337,"0.001,100,0.5",3,0.2617381103336811,0.26200275935909967,20.283203125,22.37215909090909,0.2109375,0.5,0.2109375,0.5,0.2109375,0.5
1,BiLSTM_attention__liar,2020-04-21 10:35:31.339116,"0.001,100,0.5",4,0.26110250167548654,0.26292643357406964,20.078125,21.732954545454547,0.140625,0.25,0.140625,0.25,0.140625,0.25
1,BiLSTM_attention__liar,2020-04-21 10:35:32.842639,"0.001,100,0.5",5,0.2602413259446621,0.2624064900658347,21.005859375,23.082386363636363,0.1953125,0.5,0.1953125,0.5,0.1953125,0.5
1,BiLSTM_attention__liar,2020-04-21 10:35:34.504756,"0.001,100,0.5",6,0.25943637639284134,0.26305956461212854,21.591796875,23.792613636363637,0.2265625,0.5,0.2265625,0.5,0.2265625,0.5
1,BiLSTM_attention__liar,2020-04-21 10:35:36.058757,"0.001,100,0.5",7,0.25892056822776793,0.2638815397566015,21.572265625,19.03409090909091,0.234375,0.0,0.234375,0.0,0.234375,0.0
1,BiLSTM_attention__liar,2020-04-21 10:35:37.660412,"0.001,100,0.5",8,0.258451035246253,0.2644860473546115,21.220703125,26.917613636363637,0.2265625,0.5,0.2265625,0.5,0.2265625,0.5
1,BiLSTM_attention__liar,2020-04-21 10:35:39.277419,"0.001,100,0.5",9,0.25820359233766793,0.26185934110121295,22.55859375,23.4375,0.234375,0.25,0.234375,0.25,0.234375,0.25
1,BiLSTM_attention__liar,2020-04-21 10:35:40.881116,"0.001,100,0.5",10,0.2573046524077654,0.2596332376653498,21.6796875,26.207386363636363,0.2734375,0.5,0.2734375,0.5,0.2734375,0.5
1,BiLSTM_attention__liar,2020-04-21 10:35:42.539153,"0.001,100,0.5",11,0.2572286190465093,0.2678047174757177,22.021484375,27.556818181818183,0.2421875,0.5,0.2421875,0.5,0.2421875,0.5
1,BiLSTM_attention__liar,2020-04-21 10:35:44.965127,"0.001,100,0.5",12,0.25688681825995446,0.26219250668178906,22.529296875,25.142045454545453,0.2109375,0.25,0.2109375,0.25,0.2109375,0.25
1,BiLSTM_attention__liar,2020-04-21 10:35:46.554280,"0.001,100,0.5",13,0.25588246788829566,0.2585493312640624,23.671875,23.508522727272727,0.1875,0.25,0.1875,0.25,0.1875,0.25
1,BiLSTM_attention__liar,2020-04-21 10:35:48.071410,"0.001,100,0.5",14,0.25557569209486247,0.2647750702771274,23.37890625,26.633522727272727,0.25,0.5,0.25,0.5,0.25,0.5
1,BiLSTM_attention__liar,2020-04-21 10:35:49.612035,"0.001,100,0.5",15,0.2545944780111313,0.2607636045325886,24.462890625,26.84659090909091,0.25,0.5,0.25,0.5,0.25,0.5
1,BiLSTM_attention__liar,2020-04-21 10:35:51.145005,"0.001,100,0.5",16,0.2547482745721936,0.2637075714089654,23.88671875,24.289772727272727,0.2421875,0.25,0.2421875,0.25,0.2421875,0.25
1,BiLSTM_attention__liar,2020-04-21 10:35:52.668295,"0.001,100,0.5",17,0.254404903575778,0.260941126129844,24.35546875,21.235795454545453,0.1640625,0.25,0.1640625,0.25,0.1640625,0.25
1,BiLSTM_attention__liar,2020-04-21 10:35:54.328977,"0.001,100,0.5",18,0.2537909891456366,0.255025022409179,24.23828125,26.704545454545453,0.2890625,0.5,0.2890625,0.5,0.2890625,0.5
1,BiLSTM_attention__liar,2020-04-21 10:35:55.842003,"0.001,100,0.5",19,0.2536957759410143,0.25998265228488227,24.5703125,26.775568181818183,0.296875,0.5,0.296875,0.5,0.296875,0.5
1,BiLSTM_attention__liar,2020-04-21 10:35:57.369476,"0.001,100,0.5",20,0.2524726649746299,0.2582716169682416,24.9609375,27.201704545454547,0.2734375,0.5,0.2734375,0.5,0.2734375,0.5
1,BiLSTM_attention__liar,2020-04-21 10:35:58.891430,"0.001,100,0.5",21,0.25234152339398863,0.2597835226492448,24.697265625,22.514204545454547,0.203125,0.25,0.203125,0.25,0.203125,0.25
1,BiLSTM_attention__liar,2020-04-21 10:36:00.484188,"0.001,100,0.5",22,0.2509527191519737,0.2564991211349314,25.87890625,27.769886363636363,0.265625,0.5,0.265625,0.5,0.265625,0.5
1,BiLSTM_attention__liar,2020-04-21 10:36:02.018332,"0.001,100,0.5",23,0.2508299645036459,0.26098091223023157,25.908203125,27.485795454545453,0.359375,0.5,0.359375,0.5,0.359375,0.5
1,BiLSTM_attention__liar,2020-04-21 10:36:03.611660,"0.001,100,0.5",24,0.24970680736005307,0.2593399516560815,26.46484375,28.764204545454547,0.2578125,0.5,0.2578125,0.5,0.2578125,0.5
1,BiLSTM_attention__liar,2020-04-21 10:36:05.215943,"0.001,100,0.5",25,0.24898212291300298,0.2594993845982985,26.58203125,23.15340909090909,0.203125,0.25,0.203125,0.25,0.203125,0.25
1,BiLSTM_attention__liar,2020-04-21 10:36:06.750265,"0.001,100,0.5",26,0.24903175421059132,0.258840413256125,26.298828125,22.15909090909091,0.2578125,0.25,0.2578125,0.25,0.2578125,0.25
1,BiLSTM_attention__liar,2020-04-21 10:36:08.254899,"0.001,100,0.5",27,0.24897163342684508,0.2631753100590272,25.615234375,25.142045454545453,0.3359375,0.25,0.3359375,0.25,0.3359375,0.25
1,BiLSTM_attention__liar,2020-04-21 10:36:09.797019,"0.001,100,0.5",28,0.24808525238186122,0.2597656642848795,26.81640625,28.053977272727273,0.2890625,0.5,0.2890625,0.5,0.2890625,0.5
1,BiLSTM_attention__liar,2020-04-21 10:36:11.397637,"0.001,100,0.5",29,0.24708764608949424,0.2518808123740283,26.943359375,25.852272727272727,0.2109375,0.5,0.2109375,0.5,0.2109375,0.5
1,BiLSTM_attention__liar,2020-04-21 10:36:12.952961,"0.001,100,0.5",30,0.24615505542606114,0.260506272315979,27.607421875,27.982954545454547,0.2421875,0.5,0.2421875,0.5,0.2421875,0.5
1,BiLSTM_attention__liar,2020-04-21 10:36:14.472497,"0.001,100,0.5",31,0.24647723212838174,0.26485802097754046,27.3828125,25.0,0.265625,0.25,0.265625,0.25,0.265625,0.25
1,BiLSTM_attention__liar,2020-04-21 10:36:15.979969,"0.001,100,0.5",32,0.2449854500591755,0.26628367602825165,27.646484375,26.06534090909091,0.265625,0.25,0.265625,0.25,0.265625,0.25
1,BiLSTM_attention__liar,2020-04-21 10:36:17.471591,"0.001,100,0.5",33,0.24566730502992867,0.25673444840041076,27.900390625,25.78125,0.1953125,0.5,0.1953125,0.5,0.1953125,0.5
1,BiLSTM_attention__liar,2020-04-21 10:36:19.068899,"0.001,100,0.5",34,0.24433639869093896,0.24939579177986493,28.251953125,27.272727272727273,0.2578125,0.5,0.2578125,0.5,0.2578125,0.5
1,BiLSTM_attention__liar,2020-04-21 10:36:20.670176,"0.001,100,0.5",35,0.2436341755092144,0.26394884288311005,28.45703125,30.042613636363637,0.359375,0.75,0.359375,0.75,0.359375,0.75
1,BiLSTM_attention__liar,2020-04-21 10:36:22.169617,"0.001,100,0.5",36,0.24232232104986906,0.26400146836584265,29.55078125,26.988636363636363,0.359375,0.5,0.359375,0.5,0.359375,0.5
1,BiLSTM_attention__liar,2020-04-21 10:36:23.673393,"0.001,100,0.5",37,0.24241921938955785,0.25251433930613776,29.052734375,29.048295454545453,0.3203125,0.75,0.3203125,0.75,0.3203125,0.75
1,BiLSTM_attention__liar,2020-04-21 10:36:25.243603,"0.001,100,0.5",38,0.24141188357025384,0.26095679131421173,29.384765625,27.05965909090909,0.3125,0.5,0.3125,0.5,0.3125,0.5
1,BiLSTM_attention__liar,2020-04-21 10:36:26.804701,"0.001,100,0.5",39,0.2404602037742734,0.25510288097641687,29.1796875,29.6875,0.25,0.75,0.25,0.75,0.25,0.75
1,BiLSTM_attention__liar,2020-04-21 10:36:28.305814,"0.001,100,0.5",40,0.2413376109674573,0.26482427797534247,29.169921875,28.40909090909091,0.28125,0.5,0.28125,0.5,0.28125,0.5
1,BiLSTM_attention__liar,2020-04-21 10:36:29.843387,"0.001,100,0.5",41,0.2400925200432539,0.25951416248624976,29.84375,24.076704545454547,0.2890625,0.5,0.2890625,0.5,0.2890625,0.5
1,BiLSTM_attention__liar,2020-04-21 10:36:31.355754,"0.001,100,0.5",42,0.2388111675158143,0.2645982111042196,30.0390625,26.349431818181817,0.3984375,0.5,0.3984375,0.5,0.3984375,0.5
1,BiLSTM_attention__liar,2020-04-21 10:36:32.846753,"0.001,100,0.5",43,0.23874767050147055,0.25167024812915106,30.126953125,28.90625,0.2109375,0.75,0.2109375,0.75,0.2109375,0.75
1,BiLSTM_attention__liar,2020-04-21 10:36:34.363423,"0.001,100,0.5",44,0.23881847076117993,0.25944175638935785,29.619140625,27.05965909090909,0.3671875,0.5,0.3671875,0.5,0.3671875,0.5
1,BiLSTM_attention__liar,2020-04-21 10:36:35.866415,"0.001,100,0.5",45,0.23753267675638198,0.25995333899151196,30.537109375,29.97159090909091,0.2734375,0.75,0.2734375,0.75,0.2734375,0.75
1,BiLSTM_attention__liar,2020-04-21 10:36:37.364446,"0.001,100,0.5",46,0.23660891838371753,0.25263832915912976,30.703125,28.338068181818183,0.28125,0.75,0.28125,0.75,0.28125,0.75
1,BiLSTM_attention__liar,2020-04-21 10:36:38.855590,"0.001,100,0.5",47,0.23444492276757956,0.25474125011400744,31.337890625,27.982954545454547,0.2578125,0.75,0.2578125,0.75,0.2578125,0.75
1,BiLSTM_attention__liar,2020-04-21 10:36:40.367218,"0.001,100,0.5",48,0.23485127557069063,0.2571629218079827,30.9375,28.480113636363637,0.34375,0.75,0.34375,0.75,0.34375,0.75
1,BiLSTM_attention__liar,2020-04-21 10:36:41.845198,"0.001,100,0.5",49,0.234919180162251,0.25897990573536267,31.54296875,25.639204545454547,0.296875,0.5,0.296875,0.5,0.296875,0.5
1,BiLSTM_attention__liar,2020-04-21 10:36:43.353841,"0.001,100,0.5",50,0.23504335526376963,0.25768052447925915,31.201171875,28.196022727272727,0.328125,0.75,0.328125,0.75,0.328125,0.75
2,BiLSTM_attention__liar,2020-04-21 10:36:45.052492,"0.001,100,0.5",1,0.2665074460208416,0.2692751559344205,20.009765625,18.25284090909091,0.171875,0.25,0.171875,0.25,0.171875,0.25
2,BiLSTM_attention__liar,2020-04-21 10:36:46.715290,"0.001,100,0.5",2,0.2633959572762251,0.2645645019682971,19.8828125,22.088068181818183,0.109375,0.5,0.109375,0.5,0.109375,0.5
2,BiLSTM_attention__liar,2020-04-21 10:36:49.302766,"0.001,100,0.5",3,0.2618391130119562,0.26288222589276056,20.068359375,23.15340909090909,0.234375,0.5,0.234375,0.5,0.234375,0.5
2,BiLSTM_attention__liar,2020-04-21 10:36:50.878410,"0.001,100,0.5",4,0.26088054664433,0.2623992630026557,20.46875,20.170454545454547,0.171875,0.25,0.171875,0.25,0.171875,0.25
2,BiLSTM_attention__liar,2020-04-21 10:36:52.456849,"0.001,100,0.5",5,0.2605334181338549,0.26220998438921844,21.03515625,22.94034090909091,0.2421875,0.5,0.2421875,0.5,0.2421875,0.5
2,BiLSTM_attention__liar,2020-04-21 10:36:53.982740,"0.001,100,0.5",6,0.2594232939183712,0.2631399496035142,21.2890625,23.082386363636363,0.1640625,0.25,0.1640625,0.25,0.1640625,0.25
2,BiLSTM_attention__liar,2020-04-21 10:36:55.684397,"0.001,100,0.5",7,0.25918442774564027,0.25915480201894586,21.904296875,25.071022727272727,0.1875,0.5,0.1875,0.5,0.1875,0.5
2,BiLSTM_attention__liar,2020-04-21 10:36:57.276950,"0.001,100,0.5",8,0.2588241804391146,0.26115613092075696,21.2109375,25.213068181818183,0.1796875,0.5,0.1796875,0.5,0.1796875,0.5
2,BiLSTM_attention__liar,2020-04-21 10:36:58.882792,"0.001,100,0.5",9,0.258719133771956,0.26455891132354736,21.982421875,26.06534090909091,0.21875,0.5,0.21875,0.5,0.21875,0.5
2,BiLSTM_attention__liar,2020-04-21 10:37:00.480691,"0.001,100,0.5",10,0.257268382422626,0.26039664989167993,22.28515625,26.491477272727273,0.2421875,0.5,0.2421875,0.5,0.2421875,0.5
2,BiLSTM_attention__liar,2020-04-21 10:37:02.002089,"0.001,100,0.5",11,0.25751861538738013,0.2600170522928238,22.041015625,24.21875,0.25,0.25,0.25,0.25,0.25,0.25
2,BiLSTM_attention__liar,2020-04-21 10:37:03.575474,"0.001,100,0.5",12,0.2565845424309373,0.2563550675457174,22.939453125,24.289772727272727,0.2109375,0.5,0.2109375,0.5,0.2109375,0.5
2,BiLSTM_attention__liar,2020-04-21 10:37:05.171568,"0.001,100,0.5",13,0.2558195751160383,0.2642042880708521,22.802734375,27.556818181818183,0.2109375,0.5,0.2109375,0.5,0.2109375,0.5
2,BiLSTM_attention__liar,2020-04-21 10:37:06.829625,"0.001,100,0.5",14,0.25599933322519064,0.2560208886861801,23.30078125,29.829545454545453,0.21875,0.75,0.21875,0.75,0.21875,0.75
2,BiLSTM_attention__liar,2020-04-21 10:37:08.649105,"0.001,100,0.5",15,0.2550246981903911,0.25492229515855963,23.818359375,27.414772727272727,0.2890625,0.75,0.2890625,0.75,0.2890625,0.75
2,BiLSTM_attention__liar,2020-04-21 10:37:10.184144,"0.001,100,0.5",16,0.25443337224423884,0.25518816303123126,23.7109375,26.27840909090909,0.25,0.5,0.25,0.5,0.25,0.5
2,BiLSTM_attention__liar,2020-04-21 10:37:11.679664,"0.001,100,0.5",17,0.25409572422504423,0.2685739289630543,23.603515625,29.048295454545453,0.203125,0.5,0.203125,0.5,0.203125,0.5
2,BiLSTM_attention__liar,2020-04-21 10:37:13.261708,"0.001,100,0.5",18,0.2543003786355257,0.25440460443496704,24.560546875,26.5625,0.171875,0.5,0.171875,0.5,0.171875,0.5
2,BiLSTM_attention__liar,2020-04-21 10:37:14.922220,"0.001,100,0.5",19,0.25322313886135817,0.25181785361333325,24.619140625,29.261363636363637,0.28125,0.75,0.28125,0.75,0.28125,0.75
2,BiLSTM_attention__liar,2020-04-21 10:37:16.444965,"0.001,100,0.5",20,0.2522526985034347,0.2521322125738317,24.74609375,28.62215909090909,0.3125,0.75,0.3125,0.75,0.3125,0.75
2,BiLSTM_attention__liar,2020-04-21 10:37:17.985505,"0.001,100,0.5",21,0.25281094554811717,0.26196730407801544,25.3515625,27.414772727272727,0.2578125,0.5,0.2578125,0.5,0.2578125,0.5
2,BiLSTM_attention__liar,2020-04-21 10:37:19.657439,"0.001,100,0.5",22,0.25109697226434946,0.2513691620393233,25.673828125,30.610795454545453,0.2109375,0.75,0.2109375,0.75,0.2109375,0.75
2,BiLSTM_attention__liar,2020-04-21 10:37:21.309067,"0.001,100,0.5",23,0.25087044220417737,0.250085405328057,26.015625,28.835227272727273,0.3203125,0.75,0.3203125,0.75,0.3203125,0.75
2,BiLSTM_attention__liar,2020-04-21 10:37:22.862391,"0.001,100,0.5",24,0.25058958139270543,0.25788186626000836,25.185546875,27.911931818181817,0.25,0.5,0.25,0.5,0.25,0.5
2,BiLSTM_attention__liar,2020-04-21 10:37:24.426785,"0.001,100,0.5",25,0.250151988863945,0.25222795524380426,26.11328125,28.338068181818183,0.203125,0.5,0.203125,0.5,0.203125,0.5
2,BiLSTM_attention__liar,2020-04-21 10:37:25.971591,"0.001,100,0.5",26,0.2495499776676297,0.2578168213367462,26.650390625,25.142045454545453,0.2578125,0.25,0.2578125,0.25,0.2578125,0.25
2,BiLSTM_attention__liar,2020-04-21 10:37:27.491341,"0.001,100,0.5",27,0.24855901543051004,0.2533057115294717,26.4453125,25.426136363636363,0.3046875,0.5,0.3046875,0.5,0.3046875,0.5
2,BiLSTM_attention__liar,2020-04-21 10:37:29.001679,"0.001,100,0.5",28,0.24753182753920555,0.26018632271073083,27.158203125,28.693181818181817,0.203125,0.5,0.203125,0.5,0.203125,0.5
2,BiLSTM_attention__liar,2020-04-21 10:37:30.598765,"0.001,100,0.5",29,0.24728360194712878,0.2540998702699488,27.001953125,25.355113636363637,0.3125,0.5,0.3125,0.5,0.3125,0.5
2,BiLSTM_attention__liar,2020-04-21 10:37:32.111230,"0.001,100,0.5",30,0.24675058238208294,0.26283619891513477,26.85546875,27.62784090909091,0.328125,0.5,0.328125,0.5,0.328125,0.5
2,BiLSTM_attention__liar,2020-04-21 10:37:33.645955,"0.001,100,0.5",31,0.24519104715436696,0.26130926202644,28.037109375,28.977272727272727,0.3359375,0.5,0.3359375,0.5,0.3359375,0.5
2,BiLSTM_attention__liar,2020-04-21 10:37:35.168301,"0.001,100,0.5",32,0.24496849868446588,0.2580938528884541,27.568359375,27.84090909090909,0.2734375,0.5,0.2734375,0.5,0.2734375,0.5
2,BiLSTM_attention__liar,2020-04-21 10:37:36.671444,"0.001,100,0.5",33,0.24475645143538713,0.26787602495063434,27.44140625,26.136363636363637,0.25,0.25,0.25,0.25,0.25,0.25
2,BiLSTM_attention__liar,2020-04-21 10:37:38.183988,"0.001,100,0.5",34,0.243779587559402,0.25886710259047424,28.69140625,26.775568181818183,0.3203125,0.5,0.3203125,0.5,0.3203125,0.5
2,BiLSTM_attention__liar,2020-04-21 10:37:39.690703,"0.001,100,0.5",35,0.24151467643678187,0.2667463028972799,29.27734375,25.426136363636363,0.3359375,0.25,0.3359375,0.25,0.3359375,0.25
2,BiLSTM_attention__liar,2020-04-21 10:37:41.200801,"0.001,100,0.5",36,0.24101001769304276,0.26560804654251446,29.326171875,24.644886363636363,0.3203125,0.25,0.3203125,0.25,0.3203125,0.25
2,BiLSTM_attention__liar,2020-04-21 10:37:42.736764,"0.001,100,0.5",37,0.24207668658345938,0.26300773295489227,28.84765625,24.21875,0.265625,0.25,0.265625,0.25,0.265625,0.25
2,BiLSTM_attention__liar,2020-04-21 10:37:44.240418,"0.001,100,0.5",38,0.24103511925786733,0.2644680521704934,29.248046875,27.485795454545453,0.3125,0.5,0.3125,0.5,0.3125,0.5
2,BiLSTM_attention__liar,2020-04-21 10:37:45.744444,"0.001,100,0.5",39,0.24047116693109274,0.26617740907452325,29.013671875,27.556818181818183,0.2734375,0.5,0.2734375,0.5,0.2734375,0.5
2,BiLSTM_attention__liar,2020-04-21 10:37:47.245663,"0.001,100,0.5",40,0.24098763559013606,0.2652069343761964,29.521484375,27.05965909090909,0.21875,0.5,0.21875,0.5,0.21875,0.5
2,BiLSTM_attention__liar,2020-04-21 10:37:48.763853,"0.001,100,0.5",41,0.24009493235498666,0.26773313771594653,29.638671875,27.556818181818183,0.296875,0.5,0.296875,0.5,0.296875,0.5
2,BiLSTM_attention__liar,2020-04-21 10:37:50.269306,"0.001,100,0.5",42,0.23916976805776358,0.26821154626933014,29.287109375,27.05965909090909,0.296875,0.5,0.296875,0.5,0.296875,0.5
2,BiLSTM_attention__liar,2020-04-21 10:37:51.771303,"0.001,100,0.5",43,0.2400816923007369,0.26703941822052,29.326171875,27.62784090909091,0.296875,0.5,0.296875,0.5,0.296875,0.5
2,BiLSTM_attention__liar,2020-04-21 10:37:53.279939,"0.001,100,0.5",44,0.2399076445028186,0.26757345416329126,29.51171875,28.338068181818183,0.3359375,0.5,0.3359375,0.5,0.3359375,0.5
2,BiLSTM_attention__liar,2020-04-21 10:37:54.820366,"0.001,100,0.5",45,0.23942506387829782,0.26712974228642206,29.39453125,26.491477272727273,0.2890625,0.5,0.2890625,0.5,0.2890625,0.5
2,BiLSTM_attention__liar,2020-04-21 10:37:56.329556,"0.001,100,0.5",46,0.24023060798645018,0.267301853407513,29.21875,27.130681818181817,0.3046875,0.5,0.3046875,0.5,0.3046875,0.5
2,BiLSTM_attention__liar,2020-04-21 10:37:57.823916,"0.001,100,0.5",47,0.23918968997895718,0.2669155570593747,29.443359375,26.917613636363637,0.2734375,0.5,0.2734375,0.5,0.2734375,0.5
2,BiLSTM_attention__liar,2020-04-21 10:37:59.322379,"0.001,100,0.5",48,0.2401073331013322,0.2620139772241766,29.716796875,28.693181818181817,0.3828125,0.75,0.3828125,0.75,0.3828125,0.75
2,BiLSTM_attention__liar,2020-04-21 10:38:00.831529,"0.001,100,0.5",49,0.2407770486548543,0.2657298337329518,29.9609375,27.05965909090909,0.28125,0.5,0.28125,0.5,0.28125,0.5
2,BiLSTM_attention__liar,2020-04-21 10:38:02.330893,"0.001,100,0.5",50,0.23964132852852343,0.2663321711800315,29.755859375,27.556818181818183,0.2265625,0.5,0.2265625,0.5,0.2265625,0.5
0,BiLSTM_pooling_avg_liar,2020-04-21 11:38:52.093138,"0.001,100,0.5",1,0.2669789116829634,0.26954611052166333,20.283203125,22.585227272727273,0.2421875,0.5,0.2421875,0.5,0.2421875,0.5
0,BiLSTM_pooling_avg_liar,2020-04-21 11:38:54.056772,"0.001,100,0.5",2,0.26405698005110023,0.27036756006154145,19.287109375,20.80965909090909,0.203125,0.25,0.203125,0.25,0.203125,0.25
0,BiLSTM_pooling_avg_liar,2020-04-21 11:38:55.653346,"0.001,100,0.5",3,0.26266283057630063,0.27083285423842346,19.94140625,21.164772727272727,0.21875,0.25,0.21875,0.25,0.21875,0.25
0,BiLSTM_pooling_avg_liar,2020-04-21 11:38:57.464347,"0.001,100,0.5",4,0.2619451256468892,0.2648598023436286,20.634765625,23.366477272727273,0.1953125,0.5,0.1953125,0.5,0.1953125,0.5
0,BiLSTM_pooling_avg_liar,2020-04-21 11:38:59.176587,"0.001,100,0.5",5,0.2608442327007651,0.2666816196658395,20.56640625,24.076704545454547,0.171875,0.5,0.171875,0.5,0.171875,0.5
0,BiLSTM_pooling_avg_liar,2020-04-21 11:39:00.788447,"0.001,100,0.5",6,0.2601619241759181,0.2652725035494024,20.80078125,22.15909090909091,0.1328125,0.5,0.1328125,0.5,0.1328125,0.5
0,BiLSTM_pooling_avg_liar,2020-04-21 11:39:02.479894,"0.001,100,0.5",7,0.25956943687051537,0.2661318115212701,21.38671875,25.49715909090909,0.25,0.5,0.25,0.5,0.25,0.5
0,BiLSTM_pooling_avg_liar,2020-04-21 11:39:04.292315,"0.001,100,0.5",8,0.2589432725682855,0.26045564900745044,21.201171875,26.633522727272727,0.1875,0.5,0.1875,0.5,0.1875,0.5
0,BiLSTM_pooling_avg_liar,2020-04-21 11:39:05.942784,"0.001,100,0.5",9,0.258892728947103,0.26565057852051477,21.5625,24.431818181818183,0.2578125,0.5,0.2578125,0.5,0.2578125,0.5
0,BiLSTM_pooling_avg_liar,2020-04-21 11:39:07.538024,"0.001,100,0.5",10,0.25822398606687785,0.2688251489942724,21.85546875,26.27840909090909,0.28125,0.5,0.28125,0.5,0.28125,0.5
0,BiLSTM_pooling_avg_liar,2020-04-21 11:39:09.243912,"0.001,100,0.5",11,0.25747374072670937,0.2707795202732086,22.421875,25.78125,0.296875,0.5,0.296875,0.5,0.296875,0.5
0,BiLSTM_pooling_avg_liar,2020-04-21 11:39:10.861915,"0.001,100,0.5",12,0.25734963808208705,0.2691450606692921,22.1875,23.508522727272727,0.1953125,0.25,0.1953125,0.25,0.1953125,0.25
0,BiLSTM_pooling_avg_liar,2020-04-21 11:39:12.560091,"0.001,100,0.5",13,0.2569927452132106,0.2670860615643588,22.724609375,24.644886363636363,0.2109375,0.5,0.2109375,0.5,0.2109375,0.5
0,BiLSTM_pooling_avg_liar,2020-04-21 11:39:14.225215,"0.001,100,0.5",14,0.25619825515896083,0.26605298708785663,22.8125,26.633522727272727,0.1875,0.75,0.1875,0.75,0.1875,0.75
0,BiLSTM_pooling_avg_liar,2020-04-21 11:39:15.924916,"0.001,100,0.5",15,0.2550737578421831,0.26854288984428754,23.69140625,25.568181818181817,0.15625,0.5,0.15625,0.5,0.15625,0.5
0,BiLSTM_pooling_avg_liar,2020-04-21 11:39:17.607558,"0.001,100,0.5",16,0.25505828466266395,0.2743513272567229,23.427734375,27.34375,0.2578125,0.5,0.2578125,0.5,0.2578125,0.5
0,BiLSTM_pooling_avg_liar,2020-04-21 11:39:19.253132,"0.001,100,0.5",17,0.25486960504204037,0.2727625207467513,24.140625,26.349431818181817,0.2109375,0.5,0.2109375,0.5,0.2109375,0.5
0,BiLSTM_pooling_avg_liar,2020-04-21 11:39:20.849204,"0.001,100,0.5",18,0.2548857191577554,0.26775792241096497,23.2421875,25.710227272727273,0.234375,0.5,0.234375,0.5,0.234375,0.5
0,BiLSTM_pooling_avg_liar,2020-04-21 11:39:22.462070,"0.001,100,0.5",19,0.2536716306582093,0.27397315339608624,23.8671875,25.28409090909091,0.25,0.5,0.25,0.5,0.25,0.5
0,BiLSTM_pooling_avg_liar,2020-04-21 11:39:24.059309,"0.001,100,0.5",20,0.25169912483543155,0.2723094170743769,25.390625,24.147727272727273,0.296875,0.5,0.296875,0.5,0.296875,0.5
0,BiLSTM_pooling_avg_liar,2020-04-21 11:39:25.870,"0.001,100,0.5",21,0.2522117402404547,0.27071481401270087,24.912109375,27.34375,0.2578125,0.75,0.2578125,0.75,0.2578125,0.75
0,BiLSTM_pooling_avg_liar,2020-04-21 11:39:27.512806,"0.001,100,0.5",22,0.2516749918460846,0.27080059864304284,25.263671875,25.49715909090909,0.2421875,0.5,0.2421875,0.5,0.2421875,0.5
0,BiLSTM_pooling_avg_liar,2020-04-21 11:39:29.228638,"0.001,100,0.5",23,0.25225071497261525,0.2722011316906322,24.736328125,27.130681818181817,0.265625,0.75,0.265625,0.75,0.265625,0.75
0,BiLSTM_pooling_avg_liar,2020-04-21 11:39:30.883644,"0.001,100,0.5",24,0.2517470268532634,0.2742111493240703,24.736328125,24.786931818181817,0.21875,0.5,0.21875,0.5,0.21875,0.5
0,BiLSTM_pooling_avg_liar,2020-04-21 11:39:32.549680,"0.001,100,0.5",25,0.2508739162236452,0.27444375374100427,25.888671875,27.05965909090909,0.171875,0.75,0.171875,0.75,0.171875,0.75
0,BiLSTM_pooling_avg_liar,2020-04-21 11:39:34.225859,"0.001,100,0.5",26,0.2511470189318061,0.27417435158382764,24.765625,25.142045454545453,0.2265625,0.5,0.2265625,0.5,0.2265625,0.5
0,BiLSTM_pooling_avg_liar,2020-04-21 11:39:35.826850,"0.001,100,0.5",27,0.2511097628623247,0.2739990570328452,25.15625,25.142045454545453,0.25,0.5,0.25,0.5,0.25,0.5
0,BiLSTM_pooling_avg_liar,2020-04-21 11:39:37.550124,"0.001,100,0.5",28,0.2509591879323125,0.2735827240076932,24.970703125,27.485795454545453,0.2734375,0.75,0.2734375,0.75,0.2734375,0.75
0,BiLSTM_pooling_avg_liar,2020-04-21 11:39:39.192731,"0.001,100,0.5",29,0.25101929940283296,0.27381047877398407,25.009765625,27.130681818181817,0.2421875,0.75,0.2421875,0.75,0.2421875,0.75
0,BiLSTM_pooling_avg_liar,2020-04-21 11:39:40.781885,"0.001,100,0.5",30,0.2509691659361124,0.27504192970015784,24.697265625,25.355113636363637,0.2265625,0.5,0.2265625,0.5,0.2265625,0.5
0,BiLSTM_pooling_avg_liar,2020-04-21 11:39:42.447697,"0.001,100,0.5",31,0.2509775672107935,0.2751346311785958,25.33203125,25.142045454545453,0.2265625,0.5,0.2265625,0.5,0.2265625,0.5
0,BiLSTM_pooling_avg_liar,2020-04-21 11:39:44.046337,"0.001,100,0.5",32,0.2502810901030898,0.27656711502508685,25.244140625,24.644886363636363,0.2265625,0.5,0.2265625,0.5,0.2265625,0.5
0,BiLSTM_pooling_avg_liar,2020-04-21 11:39:45.684671,"0.001,100,0.5",33,0.25015752520412204,0.2764524600722573,25.390625,25.568181818181817,0.3046875,0.5,0.3046875,0.5,0.3046875,0.5
0,BiLSTM_pooling_avg_liar,2020-04-21 11:39:47.391083,"0.001,100,0.5",34,0.25127859469503167,0.2743959833275188,25.966796875,27.130681818181817,0.21875,0.75,0.21875,0.75,0.21875,0.75
0,BiLSTM_pooling_avg_liar,2020-04-21 11:39:49.022536,"0.001,100,0.5",35,0.25103995073586705,0.27625772627917206,25.05859375,25.568181818181817,0.2265625,0.5,0.2265625,0.5,0.2265625,0.5
0,BiLSTM_pooling_avg_liar,2020-04-21 11:39:50.628821,"0.001,100,0.5",36,0.2505965167656541,0.2774500142444264,25.0,25.28409090909091,0.234375,0.5,0.234375,0.5,0.234375,0.5
0,BiLSTM_pooling_avg_liar,2020-04-21 11:39:52.203020,"0.001,100,0.5",37,0.249782101996243,0.278639633547176,25.3125,25.426136363636363,0.2734375,0.5,0.2734375,0.5,0.2734375,0.5
0,BiLSTM_pooling_avg_liar,2020-04-21 11:39:53.783712,"0.001,100,0.5",38,0.24993684645742179,0.2764746140349995,25.33203125,25.639204545454547,0.2265625,0.5,0.2265625,0.5,0.2265625,0.5
0,BiLSTM_pooling_avg_liar,2020-04-21 11:39:55.399217,"0.001,100,0.5",39,0.25065046474337577,0.2774350074204532,25.703125,25.142045454545453,0.2265625,0.5,0.2265625,0.5,0.2265625,0.5
0,BiLSTM_pooling_avg_liar,2020-04-21 11:39:56.989020,"0.001,100,0.5",40,0.25131981130689385,0.2754037461497567,25.478515625,27.34375,0.2890625,0.75,0.2890625,0.75,0.2890625,0.75
0,BiLSTM_pooling_avg_liar,2020-04-21 11:39:58.663465,"0.001,100,0.5",41,0.2498452991247177,0.2772038091312755,25.341796875,25.568181818181817,0.25,0.5,0.25,0.5,0.25,0.5
0,BiLSTM_pooling_avg_liar,2020-04-21 11:40:00.248034,"0.001,100,0.5",42,0.2495025707408786,0.27666870572350244,25.13671875,25.639204545454547,0.2734375,0.5,0.2734375,0.5,0.2734375,0.5
0,BiLSTM_pooling_avg_liar,2020-04-21 11:40:01.838311,"0.001,100,0.5",43,0.24934844467788936,0.27877221595157275,25.986328125,25.49715909090909,0.2578125,0.5,0.2578125,0.5,0.2578125,0.5
0,BiLSTM_pooling_avg_liar,2020-04-21 11:40:03.439257,"0.001,100,0.5",44,0.24899258874356747,0.2793841145255349,25.498046875,25.49715909090909,0.2890625,0.5,0.2890625,0.5,0.2890625,0.5
0,BiLSTM_pooling_avg_liar,2020-04-21 11:40:05.033365,"0.001,100,0.5",45,0.24971061423420907,0.2782509597865018,25.712890625,26.420454545454547,0.34375,0.5,0.34375,0.5,0.34375,0.5
0,BiLSTM_pooling_avg_liar,2020-04-21 11:40:06.620865,"0.001,100,0.5",46,0.24914584420621394,0.27733715826814825,25.95703125,25.78125,0.2421875,0.5,0.2421875,0.5,0.2421875,0.5
0,BiLSTM_pooling_avg_liar,2020-04-21 11:40:08.250987,"0.001,100,0.5",47,0.24929022453725339,0.27722608230330725,25.80078125,25.78125,0.2265625,0.5,0.2265625,0.5,0.2265625,0.5
0,BiLSTM_pooling_avg_liar,2020-04-21 11:40:09.884985,"0.001,100,0.5",48,0.2495009146630764,0.2767966958609494,26.15234375,25.994318181818183,0.2265625,0.5,0.2265625,0.5,0.2265625,0.5
0,BiLSTM_pooling_avg_liar,2020-04-21 11:40:11.457737,"0.001,100,0.5",49,0.2500612923875451,0.27690115029161627,25.615234375,25.923295454545453,0.2265625,0.5,0.2265625,0.5,0.2265625,0.5
0,BiLSTM_pooling_avg_liar,2020-04-21 11:40:13.037319,"0.001,100,0.5",50,0.2488129274919629,0.2805931649424813,25.869140625,26.136363636363637,0.21875,0.5,0.21875,0.5,0.21875,0.5
1,BiLSTM_pooling_avg_liar,2020-04-21 11:40:14.852715,"0.001,100,0.5",1,0.26702721528708934,0.2692952237345956,20.6640625,21.519886363636363,0.1796875,0.5,0.1796875,0.5,0.1796875,0.5
1,BiLSTM_pooling_avg_liar,2020-04-21 11:40:16.573207,"0.001,100,0.5",2,0.2641360742971301,0.2687943388115276,19.677734375,21.875,0.171875,0.5,0.171875,0.5,0.171875,0.5
1,BiLSTM_pooling_avg_liar,2020-04-21 11:40:18.194012,"0.001,100,0.5",3,0.2631394976750016,0.2785373736511577,20.60546875,20.3125,0.2109375,0.25,0.2109375,0.25,0.2109375,0.25
1,BiLSTM_pooling_avg_liar,2020-04-21 11:40:19.946031,"0.001,100,0.5",4,0.2621979724615812,0.2719933498989452,20.126953125,22.017045454545453,0.2109375,0.25,0.2109375,0.25,0.2109375,0.25
1,BiLSTM_pooling_avg_liar,2020-04-21 11:40:21.603193,"0.001,100,0.5",5,0.2611602254211903,0.2704535654999993,21.318359375,22.230113636363637,0.25,0.25,0.25,0.25,0.25,0.25
1,BiLSTM_pooling_avg_liar,2020-04-21 11:40:23.404203,"0.001,100,0.5",6,0.2605021892115474,0.2665021636269309,20.771484375,20.667613636363637,0.25,0.25,0.25,0.25,0.25,0.25
1,BiLSTM_pooling_avg_liar,2020-04-21 11:40:25.115929,"0.001,100,0.5",7,0.26024155523627995,0.2710767930204218,21.884765625,24.50284090909091,0.28125,0.5,0.28125,0.5,0.28125,0.5
1,BiLSTM_pooling_avg_liar,2020-04-21 11:40:26.815190,"0.001,100,0.5",8,0.2595298936590552,0.27124234763058747,21.50390625,25.0,0.203125,0.5,0.203125,0.5,0.203125,0.5
1,BiLSTM_pooling_avg_liar,2020-04-21 11:40:28.833135,"0.001,100,0.5",9,0.2589900540187955,0.2814264798706228,21.435546875,21.59090909090909,0.203125,0.25,0.203125,0.25,0.203125,0.25
1,BiLSTM_pooling_avg_liar,2020-04-21 11:40:30.411228,"0.001,100,0.5",10,0.25811728481203317,0.27631629597056995,21.58203125,20.59659090909091,0.21875,0.25,0.21875,0.25,0.21875,0.25
1,BiLSTM_pooling_avg_liar,2020-04-21 11:40:32.018277,"0.001,100,0.5",11,0.2572446458041668,0.2710085931149396,22.6171875,23.011363636363637,0.234375,0.25,0.234375,0.25,0.234375,0.25
1,BiLSTM_pooling_avg_liar,2020-04-21 11:40:33.701531,"0.001,100,0.5",12,0.2574807479977608,0.27624696628613904,22.36328125,24.360795454545453,0.234375,0.5,0.234375,0.5,0.234375,0.5
1,BiLSTM_pooling_avg_liar,2020-04-21 11:40:35.312284,"0.001,100,0.5",13,0.25732871387153866,0.27000243826345965,22.3046875,22.443181818181817,0.21875,0.25,0.21875,0.25,0.21875,0.25
1,BiLSTM_pooling_avg_liar,2020-04-21 11:40:36.979733,"0.001,100,0.5",14,0.25686994157731535,0.27589460665529425,22.7734375,25.213068181818183,0.1875,0.5,0.1875,0.5,0.1875,0.5
1,BiLSTM_pooling_avg_liar,2020-04-21 11:40:38.600190,"0.001,100,0.5",15,0.25555866993963716,0.27571927281943237,22.783203125,22.869318181818183,0.1875,0.25,0.1875,0.25,0.1875,0.25
1,BiLSTM_pooling_avg_liar,2020-04-21 11:40:40.178742,"0.001,100,0.5",16,0.2556778946891427,0.2712274275042794,23.603515625,24.644886363636363,0.1796875,0.5,0.1796875,0.5,0.1796875,0.5
1,BiLSTM_pooling_avg_liar,2020-04-21 11:40:41.811907,"0.001,100,0.5",17,0.255502513051033,0.2706991027701985,23.720703125,25.568181818181817,0.1640625,0.5,0.1640625,0.5,0.1640625,0.5
1,BiLSTM_pooling_avg_liar,2020-04-21 11:40:43.520655,"0.001,100,0.5",18,0.2542387319728732,0.2713639031757008,23.720703125,25.923295454545453,0.25,0.5,0.25,0.5,0.25,0.5
1,BiLSTM_pooling_avg_liar,2020-04-21 11:40:45.111686,"0.001,100,0.5",19,0.2537005038931966,0.271213870156895,23.41796875,23.579545454545453,0.2265625,0.25,0.2265625,0.25,0.2265625,0.25
1,BiLSTM_pooling_avg_liar,2020-04-21 11:40:46.676269,"0.001,100,0.5",20,0.2530134476721287,0.2712330465967005,24.5703125,25.923295454545453,0.2578125,0.5,0.2578125,0.5,0.2578125,0.5
1,BiLSTM_pooling_avg_liar,2020-04-21 11:40:48.322642,"0.001,100,0.5",21,0.25292156618088485,0.2753642445260828,24.53125,25.78125,0.25,0.5,0.25,0.5,0.25,0.5
1,BiLSTM_pooling_avg_liar,2020-04-21 11:40:49.979848,"0.001,100,0.5",22,0.2530513959005475,0.2746506401083686,24.189453125,26.207386363636363,0.25,0.5,0.25,0.5,0.25,0.5
1,BiLSTM_pooling_avg_liar,2020-04-21 11:40:51.618495,"0.001,100,0.5",23,0.252658480592072,0.27354616874998267,24.267578125,25.852272727272727,0.21875,0.5,0.21875,0.5,0.21875,0.5
1,BiLSTM_pooling_avg_liar,2020-04-21 11:40:53.329069,"0.001,100,0.5",24,0.2531141543760896,0.2741010107777335,24.6484375,26.349431818181817,0.2734375,0.5,0.2734375,0.5,0.2734375,0.5
1,BiLSTM_pooling_avg_liar,2020-04-21 11:40:54.930996,"0.001,100,0.5",25,0.2527750346809626,0.2732695544307882,23.876953125,25.710227272727273,0.2421875,0.5,0.2421875,0.5,0.2421875,0.5
1,BiLSTM_pooling_avg_liar,2020-04-21 11:40:56.506036,"0.001,100,0.5",26,0.2536250753328204,0.2733229805122722,24.267578125,25.923295454545453,0.2578125,0.5,0.2578125,0.5,0.2578125,0.5
1,BiLSTM_pooling_avg_liar,2020-04-21 11:40:58.085620,"0.001,100,0.5",27,0.25263345912098883,0.27395259656689386,24.130859375,26.136363636363637,0.234375,0.5,0.234375,0.5,0.234375,0.5
1,BiLSTM_pooling_avg_liar,2020-04-21 11:40:59.639638,"0.001,100,0.5",28,0.25217751804739236,0.27696588364514435,25.146484375,25.994318181818183,0.3125,0.5,0.3125,0.5,0.3125,0.5
1,BiLSTM_pooling_avg_liar,2020-04-21 11:41:01.285779,"0.001,100,0.5",29,0.252745283767581,0.2745883911848068,24.16015625,27.84090909090909,0.2265625,0.75,0.2265625,0.75,0.2265625,0.75
1,BiLSTM_pooling_avg_liar,2020-04-21 11:41:02.858926,"0.001,100,0.5",30,0.2523598294705153,0.277710345658389,24.482421875,25.710227272727273,0.28125,0.5,0.28125,0.5,0.28125,0.5
1,BiLSTM_pooling_avg_liar,2020-04-21 11:41:04.424309,"0.001,100,0.5",31,0.25203548464924097,0.27714224837043067,24.697265625,25.852272727272727,0.25,0.5,0.25,0.5,0.25,0.5
1,BiLSTM_pooling_avg_liar,2020-04-21 11:41:05.983754,"0.001,100,0.5",32,0.25248073507100344,0.2764535329558633,24.619140625,26.207386363636363,0.1796875,0.5,0.1796875,0.5,0.1796875,0.5
1,BiLSTM_pooling_avg_liar,2020-04-21 11:41:07.628778,"0.001,100,0.5",33,0.25293356757611035,0.2755074013363231,24.1796875,27.982954545454547,0.2421875,0.75,0.2421875,0.75,0.2421875,0.75
1,BiLSTM_pooling_avg_liar,2020-04-21 11:41:09.174086,"0.001,100,0.5",34,0.25208616964519026,0.27847721630876715,24.970703125,25.28409090909091,0.2265625,0.5,0.2265625,0.5,0.2265625,0.5
1,BiLSTM_pooling_avg_liar,2020-04-21 11:41:10.735892,"0.001,100,0.5",35,0.2521884055808187,0.2785487418824976,24.619140625,25.426136363636363,0.2578125,0.5,0.2578125,0.5,0.2578125,0.5
1,BiLSTM_pooling_avg_liar,2020-04-21 11:41:12.289028,"0.001,100,0.5",36,0.2518639754503965,0.27879802747206256,24.70703125,25.639204545454547,0.25,0.5,0.25,0.5,0.25,0.5
1,BiLSTM_pooling_avg_liar,2020-04-21 11:41:13.856419,"0.001,100,0.5",37,0.251723494194448,0.278581058437174,24.892578125,26.06534090909091,0.21875,0.5,0.21875,0.5,0.21875,0.5
1,BiLSTM_pooling_avg_liar,2020-04-21 11:41:15.391662,"0.001,100,0.5",38,0.2516566826030612,0.2777308902957223,24.70703125,26.06534090909091,0.28125,0.5,0.28125,0.5,0.28125,0.5
1,BiLSTM_pooling_avg_liar,2020-04-21 11:41:16.949954,"0.001,100,0.5",39,0.25202951934188605,0.279881550507112,24.013671875,25.568181818181817,0.21875,0.5,0.21875,0.5,0.21875,0.5
1,BiLSTM_pooling_avg_liar,2020-04-21 11:41:18.649269,"0.001,100,0.5",40,0.25139338355511426,0.2769935564561324,24.921875,28.480113636363637,0.2421875,0.75,0.2421875,0.75,0.2421875,0.75
1,BiLSTM_pooling_avg_liar,2020-04-21 11:41:20.242687,"0.001,100,0.5",41,0.25239738300442693,0.2753024236722426,25.068359375,28.40909090909091,0.2734375,0.75,0.2734375,0.75,0.2734375,0.75
1,BiLSTM_pooling_avg_liar,2020-04-21 11:41:21.824128,"0.001,100,0.5",42,0.25186547040939333,0.2793966965241866,24.619140625,25.852272727272727,0.25,0.5,0.25,0.5,0.25,0.5
1,BiLSTM_pooling_avg_liar,2020-04-21 11:41:23.426733,"0.001,100,0.5",43,0.2512110276147723,0.2792784978042949,25.673828125,25.994318181818183,0.265625,0.5,0.265625,0.5,0.265625,0.5
1,BiLSTM_pooling_avg_liar,2020-04-21 11:41:24.989470,"0.001,100,0.5",44,0.2516788912937045,0.2760430709882216,24.560546875,26.207386363636363,0.2265625,0.5,0.2265625,0.5,0.2265625,0.5
1,BiLSTM_pooling_avg_liar,2020-04-21 11:41:26.554779,"0.001,100,0.5",45,0.2507288182154298,0.2774643518707969,25.29296875,25.78125,0.140625,0.5,0.140625,0.5,0.140625,0.5
1,BiLSTM_pooling_avg_liar,2020-04-21 11:41:28.177030,"0.001,100,0.5",46,0.251123870536685,0.27846149693835864,25.09765625,23.579545454545453,0.28125,0.25,0.28125,0.25,0.28125,0.25
1,BiLSTM_pooling_avg_liar,2020-04-21 11:41:29.732660,"0.001,100,0.5",47,0.251606703735888,0.2772870117967779,24.599609375,26.349431818181817,0.203125,0.5,0.203125,0.5,0.203125,0.5
1,BiLSTM_pooling_avg_liar,2020-04-21 11:41:31.290574,"0.001,100,0.5",48,0.2513917088508606,0.2793614891442386,25.126953125,25.994318181818183,0.1953125,0.5,0.1953125,0.5,0.1953125,0.5
1,BiLSTM_pooling_avg_liar,2020-04-21 11:41:32.871173,"0.001,100,0.5",49,0.25169237442314624,0.27778173847631976,24.55078125,26.136363636363637,0.21875,0.5,0.21875,0.5,0.21875,0.5
1,BiLSTM_pooling_avg_liar,2020-04-21 11:41:34.420825,"0.001,100,0.5",50,0.2507389593869448,0.28110242702744226,24.931640625,25.639204545454547,0.28125,0.5,0.28125,0.5,0.28125,0.5
2,BiLSTM_pooling_avg_liar,2020-04-21 11:41:36.167413,"0.001,100,0.5",1,0.26736542098224164,0.27151901342652063,20.263671875,22.230113636363637,0.2109375,0.5,0.2109375,0.5,0.2109375,0.5
2,BiLSTM_pooling_avg_liar,2020-04-21 11:41:37.757426,"0.001,100,0.5",2,0.2644258588552475,0.27156245708465576,20.361328125,20.02840909090909,0.234375,0.25,0.234375,0.25,0.234375,0.25
2,BiLSTM_pooling_avg_liar,2020-04-21 11:41:39.418956,"0.001,100,0.5",3,0.26303119529038665,0.27289456535469403,20.01953125,23.082386363636363,0.265625,0.5,0.265625,0.5,0.265625,0.5
2,BiLSTM_pooling_avg_liar,2020-04-21 11:41:41.066466,"0.001,100,0.5",4,0.26262263804674146,0.26882432807575574,19.990234375,19.673295454545453,0.1796875,0.25,0.1796875,0.25,0.1796875,0.25
2,BiLSTM_pooling_avg_liar,2020-04-21 11:41:42.775241,"0.001,100,0.5",5,0.2616250477731228,0.2658841447396712,20.732421875,20.951704545454547,0.2109375,0.25,0.2109375,0.25,0.2109375,0.25
2,BiLSTM_pooling_avg_liar,2020-04-21 11:41:44.531373,"0.001,100,0.5",6,0.26122803539037703,0.26374542035839776,20.029296875,23.4375,0.203125,0.5,0.203125,0.5,0.203125,0.5
2,BiLSTM_pooling_avg_liar,2020-04-21 11:41:46.128008,"0.001,100,0.5",7,0.2601358415558934,0.26842065020041034,20.869140625,23.082386363636363,0.1640625,0.5,0.1640625,0.5,0.1640625,0.5
2,BiLSTM_pooling_avg_liar,2020-04-21 11:41:47.728180,"0.001,100,0.5",8,0.2594811899587512,0.26906178214333276,21.62109375,22.65625,0.234375,0.25,0.234375,0.25,0.234375,0.25
2,BiLSTM_pooling_avg_liar,2020-04-21 11:41:49.377777,"0.001,100,0.5",9,0.2594472151249647,0.266267330809073,21.982421875,24.076704545454547,0.21875,0.5,0.21875,0.5,0.21875,0.5
2,BiLSTM_pooling_avg_liar,2020-04-21 11:41:51.032617,"0.001,100,0.5",10,0.25824682898819445,0.26513729041272943,22.48046875,26.27840909090909,0.234375,0.5,0.234375,0.5,0.234375,0.5
2,BiLSTM_pooling_avg_liar,2020-04-21 11:41:52.660936,"0.001,100,0.5",11,0.25762325078248977,0.26587857035073365,22.63671875,25.639204545454547,0.25,0.5,0.25,0.5,0.25,0.5
2,BiLSTM_pooling_avg_liar,2020-04-21 11:41:54.349721,"0.001,100,0.5",12,0.2573477741330862,0.26933172616091644,22.724609375,26.420454545454547,0.234375,0.5,0.234375,0.5,0.234375,0.5
2,BiLSTM_pooling_avg_liar,2020-04-21 11:41:55.917357,"0.001,100,0.5",13,0.2569821510463953,0.27229116044261237,22.734375,24.431818181818183,0.2109375,0.25,0.2109375,0.25,0.2109375,0.25
2,BiLSTM_pooling_avg_liar,2020-04-21 11:41:57.475034,"0.001,100,0.5",14,0.256600503064692,0.27258305793458765,22.802734375,25.639204545454547,0.3046875,0.5,0.3046875,0.5,0.3046875,0.5
2,BiLSTM_pooling_avg_liar,2020-04-21 11:41:59.048562,"0.001,100,0.5",15,0.2561761375516653,0.2721907699649984,23.0078125,22.514204545454547,0.2265625,0.25,0.2265625,0.25,0.2265625,0.25
2,BiLSTM_pooling_avg_liar,2020-04-21 11:42:00.597279,"0.001,100,0.5",16,0.2553746221587062,0.2679618705402721,23.349609375,25.28409090909091,0.2265625,0.5,0.2265625,0.5,0.2265625,0.5
2,BiLSTM_pooling_avg_liar,2020-04-21 11:42:02.156809,"0.001,100,0.5",17,0.2552980178967118,0.2722488154064525,23.4375,22.869318181818183,0.234375,0.5,0.234375,0.5,0.234375,0.5
2,BiLSTM_pooling_avg_liar,2020-04-21 11:42:03.784550,"0.001,100,0.5",18,0.25400757119059564,0.27058816768906335,23.916015625,24.786931818181817,0.21875,0.5,0.21875,0.5,0.21875,0.5
2,BiLSTM_pooling_avg_liar,2020-04-21 11:42:05.348807,"0.001,100,0.5",19,0.25328482799232005,0.2723268893632022,23.49609375,24.360795454545453,0.1953125,0.5,0.1953125,0.5,0.1953125,0.5
2,BiLSTM_pooling_avg_liar,2020-04-21 11:42:06.898908,"0.001,100,0.5",20,0.2532304234802723,0.2738916982303966,23.876953125,25.852272727272727,0.3203125,0.5,0.3203125,0.5,0.3203125,0.5
2,BiLSTM_pooling_avg_liar,2020-04-21 11:42:08.443229,"0.001,100,0.5",21,0.2529737140983343,0.2749340236186981,23.642578125,26.136363636363637,0.28125,0.5,0.28125,0.5,0.28125,0.5
2,BiLSTM_pooling_avg_liar,2020-04-21 11:42:09.973940,"0.001,100,0.5",22,0.2529684666544199,0.27546574581753125,24.0234375,25.639204545454547,0.265625,0.5,0.265625,0.5,0.265625,0.5
2,BiLSTM_pooling_avg_liar,2020-04-21 11:42:11.504523,"0.001,100,0.5",23,0.25262238886207344,0.2771383144638755,24.6484375,24.928977272727273,0.25,0.5,0.25,0.5,0.25,0.5
0,BiLSTM_n_gram_pooling_avg_liar,2020-04-21 11:42:14.192183,"0.001,100,0.5",1,0.26708754785358907,0.2700873017311096,20.595703125,19.105113636363637,0.2265625,0.25,0.2265625,0.25,0.2265625,0.25
0,BiLSTM_n_gram_pooling_avg_liar,2020-04-21 11:42:16.771988,"0.001,100,0.5",2,0.2642885336652398,0.2724854485555129,20.556640625,20.667613636363637,0.203125,0.5,0.203125,0.5,0.203125,0.5
0,BiLSTM_n_gram_pooling_avg_liar,2020-04-21 11:42:19.466694,"0.001,100,0.5",3,0.2630907312035561,0.26869057660753076,20.9765625,21.732954545454547,0.1953125,0.5,0.1953125,0.5,0.1953125,0.5
0,BiLSTM_n_gram_pooling_avg_liar,2020-04-21 11:42:22.038773,"0.001,100,0.5",4,0.2619152955710888,0.2714773308147084,20.72265625,21.946022727272727,0.1796875,0.5,0.1796875,0.5,0.1796875,0.5
0,BiLSTM_n_gram_pooling_avg_liar,2020-04-21 11:42:24.605990,"0.001,100,0.5",5,0.26074422225356103,0.2865758497606624,21.416015625,21.37784090909091,0.15625,0.25,0.15625,0.25,0.15625,0.25
0,BiLSTM_n_gram_pooling_avg_liar,2020-04-21 11:42:27.323926,"0.001,100,0.5",6,0.2604236099869013,0.26614876091480255,21.328125,21.803977272727273,0.203125,0.25,0.203125,0.25,0.203125,0.25
0,BiLSTM_n_gram_pooling_avg_liar,2020-04-21 11:42:29.938599,"0.001,100,0.5",7,0.26011528074741364,0.27103290503675287,21.220703125,23.011363636363637,0.171875,0.25,0.171875,0.25,0.171875,0.25
0,BiLSTM_n_gram_pooling_avg_liar,2020-04-21 11:42:32.556987,"0.001,100,0.5",8,0.25945612154901027,0.2733827964826064,22.236328125,23.366477272727273,0.2890625,0.25,0.2890625,0.25,0.2890625,0.25
0,BiLSTM_n_gram_pooling_avg_liar,2020-04-21 11:42:35.139152,"0.001,100,0.5",9,0.25869935769587754,0.2778430350802161,22.34375,22.65625,0.21875,0.25,0.21875,0.25,0.21875,0.25
0,BiLSTM_n_gram_pooling_avg_liar,2020-04-21 11:42:37.651359,"0.001,100,0.5",10,0.25850195847451685,0.2741776989264922,22.138671875,22.798295454545453,0.2265625,0.25,0.2265625,0.25,0.2265625,0.25
0,BiLSTM_n_gram_pooling_avg_liar,2020-04-21 11:42:40.221704,"0.001,100,0.5",11,0.2579101735725999,0.27496588230133057,22.666015625,22.15909090909091,0.2265625,0.25,0.2265625,0.25,0.2265625,0.25
0,BiLSTM_n_gram_pooling_avg_liar,2020-04-21 11:42:42.797278,"0.001,100,0.5",12,0.2572151005268097,0.2805934101343155,22.40234375,22.869318181818183,0.2265625,0.25,0.2265625,0.25,0.2265625,0.25
0,BiLSTM_n_gram_pooling_avg_liar,2020-04-21 11:42:45.370675,"0.001,100,0.5",13,0.2568674908950925,0.2797880308194594,22.9296875,22.230113636363637,0.1875,0.25,0.1875,0.25,0.1875,0.25
0,BiLSTM_n_gram_pooling_avg_liar,2020-04-21 11:42:47.829952,"0.001,100,0.5",14,0.2563880397006869,0.30315934257073834,23.134765625,19.176136363636363,0.1953125,0.0,0.1953125,0.0,0.1953125,0.0
0,BiLSTM_n_gram_pooling_avg_liar,2020-04-21 11:42:50.263740,"0.001,100,0.5",15,0.25611552298069,0.2813511382449757,23.232421875,22.017045454545453,0.1875,0.25,0.1875,0.25,0.1875,0.25
0,BiLSTM_n_gram_pooling_avg_liar,2020-04-21 11:42:52.819973,"0.001,100,0.5",16,0.2557135708630085,0.278733185746453,23.017578125,26.06534090909091,0.2265625,0.75,0.2265625,0.75,0.2265625,0.75
0,BiLSTM_n_gram_pooling_avg_liar,2020-04-21 11:42:55.299499,"0.001,100,0.5",17,0.25525473095476625,0.2844150526957078,23.7890625,24.147727272727273,0.2734375,0.5,0.2734375,0.5,0.2734375,0.5
0,BiLSTM_n_gram_pooling_avg_liar,2020-04-21 11:42:57.785452,"0.001,100,0.5",18,0.25363706704229116,0.2881675945086913,23.447265625,23.295454545454547,0.21875,0.5,0.21875,0.5,0.21875,0.5
0,BiLSTM_n_gram_pooling_avg_liar,2020-04-21 11:43:00.252005,"0.001,100,0.5",19,0.25322990473359824,0.28477625819769775,24.04296875,23.224431818181817,0.296875,0.5,0.296875,0.5,0.296875,0.5
0,BiLSTM_n_gram_pooling_avg_liar,2020-04-21 11:43:02.781640,"0.001,100,0.5",20,0.2529628939926624,0.28446879847483203,23.779296875,23.366477272727273,0.2421875,0.5,0.2421875,0.5,0.2421875,0.5
0,BiLSTM_n_gram_pooling_avg_liar,2020-04-21 11:43:05.376202,"0.001,100,0.5",21,0.25268985629081725,0.2902821085669778,24.00390625,21.803977272727273,0.2109375,0.25,0.2109375,0.25,0.2109375,0.25
0,BiLSTM_n_gram_pooling_avg_liar,2020-04-21 11:43:07.928333,"0.001,100,0.5",22,0.2535418655723333,0.29034612801941956,23.96484375,22.017045454545453,0.2265625,0.25,0.2265625,0.25,0.2265625,0.25
0,BiLSTM_n_gram_pooling_avg_liar,2020-04-21 11:43:10.421521,"0.001,100,0.5",23,0.2524372009560466,0.28792203962802887,24.326171875,21.661931818181817,0.28125,0.25,0.28125,0.25,0.28125,0.25
0,BiLSTM_n_gram_pooling_avg_liar,2020-04-21 11:43:12.989164,"0.001,100,0.5",24,0.2528086744248867,0.2819016359069131,24.638671875,24.360795454545453,0.2265625,0.5,0.2265625,0.5,0.2265625,0.5
0,BiLSTM_n_gram_pooling_avg_liar,2020-04-21 11:43:15.472721,"0.001,100,0.5",25,0.2523713484406471,0.28913726048036054,24.47265625,22.15909090909091,0.2109375,0.25,0.2109375,0.25,0.2109375,0.25
0,BiLSTM_n_gram_pooling_avg_liar,2020-04-21 11:43:17.946390,"0.001,100,0.5",26,0.25229824539273976,0.28901929611509497,24.541015625,21.732954545454547,0.2109375,0.25,0.2109375,0.25,0.2109375,0.25
0,BiLSTM_n_gram_pooling_avg_liar,2020-04-21 11:43:20.395004,"0.001,100,0.5",27,0.2517806587740779,0.2850143448873,23.984375,21.803977272727273,0.3515625,0.25,0.3515625,0.25,0.3515625,0.25
0,BiLSTM_n_gram_pooling_avg_liar,2020-04-21 11:43:22.844732,"0.001,100,0.5",28,0.25179002732038497,0.28900445862249896,24.94140625,24.644886363636363,0.2578125,0.5,0.2578125,0.5,0.2578125,0.5
0,BiLSTM_n_gram_pooling_avg_liar,2020-04-21 11:43:25.313765,"0.001,100,0.5",29,0.2517828134819865,0.29244349761442706,25.009765625,24.21875,0.1953125,0.5,0.1953125,0.5,0.1953125,0.5
0,BiLSTM_n_gram_pooling_avg_liar,2020-04-21 11:43:27.789179,"0.001,100,0.5",30,0.25262128431349995,0.2907874272628264,24.43359375,22.017045454545453,0.2578125,0.25,0.2578125,0.25,0.2578125,0.25
0,BiLSTM_n_gram_pooling_avg_liar,2020-04-21 11:43:30.354293,"0.001,100,0.5",31,0.25259621627628803,0.28325925496491516,24.443359375,24.076704545454547,0.2578125,0.5,0.2578125,0.5,0.2578125,0.5
0,BiLSTM_n_gram_pooling_avg_liar,2020-04-21 11:43:33.016900,"0.001,100,0.5",32,0.25234444811940193,0.2910463092002002,24.345703125,21.519886363636363,0.1953125,0.25,0.1953125,0.25,0.1953125,0.25
0,BiLSTM_n_gram_pooling_avg_liar,2020-04-21 11:43:35.455437,"0.001,100,0.5",33,0.2515646152198315,0.2929987988688729,24.5703125,21.59090909090909,0.265625,0.25,0.265625,0.25,0.265625,0.25
0,BiLSTM_n_gram_pooling_avg_liar,2020-04-21 11:43:37.971502,"0.001,100,0.5",34,0.25196603816002605,0.2874946201389486,24.375,23.792613636363637,0.234375,0.5,0.234375,0.5,0.234375,0.5
0,BiLSTM_n_gram_pooling_avg_liar,2020-04-21 11:43:40.409989,"0.001,100,0.5",35,0.2514694767072797,0.28416985002431,25.13671875,24.360795454545453,0.234375,0.5,0.234375,0.5,0.234375,0.5
0,BiLSTM_n_gram_pooling_avg_liar,2020-04-21 11:43:42.853845,"0.001,100,0.5",36,0.2519081849604845,0.29012607715346594,24.814453125,21.946022727272727,0.2421875,0.25,0.2421875,0.25,0.2421875,0.25
0,BiLSTM_n_gram_pooling_avg_liar,2020-04-21 11:43:45.301235,"0.001,100,0.5",37,0.2516426367685199,0.2890841066837311,25.1171875,21.875,0.2265625,0.25,0.2265625,0.25,0.2265625,0.25
0,BiLSTM_n_gram_pooling_avg_liar,2020-04-21 11:43:47.764347,"0.001,100,0.5",38,0.2513111401349306,0.2861453660509803,25.068359375,23.863636363636363,0.2578125,0.5,0.2578125,0.5,0.2578125,0.5
0,BiLSTM_n_gram_pooling_avg_liar,2020-04-21 11:43:50.231233,"0.001,100,0.5",39,0.25134800262749196,0.2840279706499793,25.322265625,24.289772727272727,0.21875,0.5,0.21875,0.5,0.21875,0.5
0,BiLSTM_n_gram_pooling_avg_liar,2020-04-21 11:43:52.670638,"0.001,100,0.5",40,0.2517611963674426,0.2835967405275865,25.0,24.360795454545453,0.2734375,0.5,0.2734375,0.5,0.2734375,0.5
0,BiLSTM_n_gram_pooling_avg_liar,2020-04-21 11:43:55.170912,"0.001,100,0.5",41,0.2519582504406571,0.2836330682039261,24.6484375,24.21875,0.2578125,0.5,0.2578125,0.5,0.2578125,0.5
0,BiLSTM_n_gram_pooling_avg_liar,2020-04-21 11:43:57.631356,"0.001,100,0.5",42,0.251581490971148,0.286089688539505,24.62890625,23.863636363636363,0.265625,0.5,0.265625,0.5,0.265625,0.5
0,BiLSTM_n_gram_pooling_avg_liar,2020-04-21 11:44:00.102626,"0.001,100,0.5",43,0.251231830753386,0.2857021283019673,24.62890625,24.076704545454547,0.234375,0.5,0.234375,0.5,0.234375,0.5
0,BiLSTM_n_gram_pooling_avg_liar,2020-04-21 11:44:02.602972,"0.001,100,0.5",44,0.25119345616549255,0.2859856594692577,24.8828125,23.863636363636363,0.2734375,0.5,0.2734375,0.5,0.2734375,0.5
0,BiLSTM_n_gram_pooling_avg_liar,2020-04-21 11:44:05.136526,"0.001,100,0.5",45,0.2509720668196678,0.2865376391194083,25.009765625,24.289772727272727,0.2421875,0.5,0.2421875,0.5,0.2421875,0.5
0,BiLSTM_n_gram_pooling_avg_liar,2020-04-21 11:44:07.611176,"0.001,100,0.5",46,0.25153913367539643,0.286183779889887,25.634765625,24.147727272727273,0.21875,0.5,0.21875,0.5,0.21875,0.5
0,BiLSTM_n_gram_pooling_avg_liar,2020-04-21 11:44:10.089198,"0.001,100,0.5",47,0.25093692280352115,0.2886238938028162,25.263671875,21.661931818181817,0.2578125,0.25,0.2578125,0.25,0.2578125,0.25
0,BiLSTM_n_gram_pooling_avg_liar,2020-04-21 11:44:12.508793,"0.001,100,0.5",48,0.2499608913436532,0.29076852852647955,25.01953125,21.946022727272727,0.203125,0.25,0.203125,0.25,0.203125,0.25
0,BiLSTM_n_gram_pooling_avg_liar,2020-04-21 11:44:14.968652,"0.001,100,0.5",49,0.2507211884483695,0.29902179674668744,25.302734375,19.886363636363637,0.265625,0.0,0.265625,0.0,0.265625,0.0
0,BiLSTM_n_gram_pooling_avg_liar,2020-04-21 11:44:17.400067,"0.001,100,0.5",50,0.25049224849790336,0.291222867640582,25.048828125,24.005681818181817,0.2578125,0.5,0.2578125,0.5,0.2578125,0.5
1,BiLSTM_n_gram_pooling_avg_liar,2020-04-21 11:44:20.061794,"0.001,100,0.5",1,0.2669789994135499,0.2683217931877483,21.11328125,20.667613636363637,0.1171875,0.5,0.1171875,0.5,0.1171875,0.5
1,BiLSTM_n_gram_pooling_avg_liar,2020-04-21 11:44:23.478122,"0.001,100,0.5",2,0.2641979020088911,0.2676891643892635,19.873046875,20.80965909090909,0.2265625,0.5,0.2265625,0.5,0.2265625,0.5
1,BiLSTM_n_gram_pooling_avg_liar,2020-04-21 11:44:26.007153,"0.001,100,0.5",3,0.26283856444060805,0.26744814894416113,20.224609375,19.744318181818183,0.1875,0.25,0.1875,0.25,0.1875,0.25
1,BiLSTM_n_gram_pooling_avg_liar,2020-04-21 11:44:28.513604,"0.001,100,0.5",4,0.2618782464414835,0.27264720472422516,20.703125,20.525568181818183,0.1953125,0.25,0.1953125,0.25,0.1953125,0.25
1,BiLSTM_n_gram_pooling_avg_liar,2020-04-21 11:44:31.067624,"0.001,100,0.5",5,0.2610980024561286,0.266200145537203,21.240234375,20.3125,0.2265625,0.25,0.2265625,0.25,0.2265625,0.25
1,BiLSTM_n_gram_pooling_avg_liar,2020-04-21 11:44:33.596058,"0.001,100,0.5",6,0.26088932286947963,0.27514593032273377,21.357421875,22.727272727272727,0.203125,0.5,0.203125,0.5,0.203125,0.5
1,BiLSTM_n_gram_pooling_avg_liar,2020-04-21 11:44:36.105734,"0.001,100,0.5",7,0.2607816582545638,0.26466974209655414,21.083984375,22.514204545454547,0.1875,0.5,0.1875,0.5,0.1875,0.5
1,BiLSTM_n_gram_pooling_avg_liar,2020-04-21 11:44:38.488279,"0.001,100,0.5",8,0.25989370346069335,0.27318654683503235,21.669921875,25.426136363636363,0.21875,0.5,0.21875,0.5,0.21875,0.5
1,BiLSTM_n_gram_pooling_avg_liar,2020-04-21 11:44:40.941001,"0.001,100,0.5",9,0.25911757331341506,0.26725017347119073,21.9140625,23.792613636363637,0.203125,0.5,0.203125,0.5,0.203125,0.5
1,BiLSTM_n_gram_pooling_avg_liar,2020-04-21 11:44:43.448001,"0.001,100,0.5",10,0.2590154940262437,0.27510944686152716,22.32421875,25.28409090909091,0.25,0.5,0.25,0.5,0.25,0.5
1,BiLSTM_n_gram_pooling_avg_liar,2020-04-21 11:44:45.787276,"0.001,100,0.5",11,0.2579215124249458,0.27666831287470733,22.333984375,24.50284090909091,0.2109375,0.5,0.2109375,0.5,0.2109375,0.5
1,BiLSTM_n_gram_pooling_avg_liar,2020-04-21 11:44:48.203056,"0.001,100,0.5",12,0.2572288602590561,0.27395491843873804,22.5,25.142045454545453,0.1796875,0.5,0.1796875,0.5,0.1796875,0.5
1,BiLSTM_n_gram_pooling_avg_liar,2020-04-21 11:44:50.599638,"0.001,100,0.5",13,0.2564814109355211,0.2807061482559551,23.037109375,22.37215909090909,0.203125,0.25,0.203125,0.25,0.203125,0.25
1,BiLSTM_n_gram_pooling_avg_liar,2020-04-21 11:44:53.070503,"0.001,100,0.5",14,0.2563827833160758,0.26624175906181335,23.69140625,25.994318181818183,0.3359375,0.5,0.3359375,0.5,0.3359375,0.5
1,BiLSTM_n_gram_pooling_avg_liar,2020-04-21 11:44:55.532857,"0.001,100,0.5",15,0.25627303384244443,0.2759523527188735,22.71484375,27.414772727272727,0.1640625,0.75,0.1640625,0.75,0.1640625,0.75
1,BiLSTM_n_gram_pooling_avg_liar,2020-04-21 11:44:57.985351,"0.001,100,0.5",16,0.25514781195670366,0.2925512303005565,23.359375,23.224431818181817,0.1796875,0.5,0.1796875,0.5,0.1796875,0.5
1,BiLSTM_n_gram_pooling_avg_liar,2020-04-21 11:45:00.390261,"0.001,100,0.5",17,0.25483639985322953,0.2701722965999083,23.505859375,25.639204545454547,0.265625,0.5,0.265625,0.5,0.265625,0.5
1,BiLSTM_n_gram_pooling_avg_liar,2020-04-21 11:45:02.828758,"0.001,100,0.5",18,0.25411794781684877,0.2932734868743203,23.896484375,23.792613636363637,0.1953125,0.5,0.1953125,0.5,0.1953125,0.5
1,BiLSTM_n_gram_pooling_avg_liar,2020-04-21 11:45:05.249351,"0.001,100,0.5",19,0.25290441159158944,0.27608720416372473,23.876953125,25.142045454545453,0.234375,0.5,0.234375,0.5,0.234375,0.5
1,BiLSTM_n_gram_pooling_avg_liar,2020-04-21 11:45:07.656794,"0.001,100,0.5",20,0.252600172162056,0.27688371728767047,24.375,27.201704545454547,0.2265625,0.75,0.2265625,0.75,0.2265625,0.75
1,BiLSTM_n_gram_pooling_avg_liar,2020-04-21 11:45:10.089274,"0.001,100,0.5",21,0.2525352301076055,0.2763735584237359,24.1015625,24.50284090909091,0.2578125,0.5,0.2578125,0.5,0.2578125,0.5
1,BiLSTM_n_gram_pooling_avg_liar,2020-04-21 11:45:12.484518,"0.001,100,0.5",22,0.2518801886588335,0.2775971970774911,24.90234375,24.644886363636363,0.2421875,0.5,0.2421875,0.5,0.2421875,0.5
1,BiLSTM_n_gram_pooling_avg_liar,2020-04-21 11:45:14.887245,"0.001,100,0.5",23,0.25187519267201425,0.27699092436920514,25.25390625,25.0,0.2578125,0.5,0.2578125,0.5,0.2578125,0.5
1,BiLSTM_n_gram_pooling_avg_liar,2020-04-21 11:45:17.294040,"0.001,100,0.5",24,0.2518542900681496,0.2779318920590661,25.126953125,24.857954545454547,0.203125,0.5,0.203125,0.5,0.203125,0.5
1,BiLSTM_n_gram_pooling_avg_liar,2020-04-21 11:45:19.721959,"0.001,100,0.5",25,0.25222035553306343,0.27812779627063056,24.5703125,25.355113636363637,0.2109375,0.5,0.2109375,0.5,0.2109375,0.5
1,BiLSTM_n_gram_pooling_avg_liar,2020-04-21 11:45:22.133965,"0.001,100,0.5",26,0.2507298033684492,0.27847723120992834,25.3515625,25.142045454545453,0.265625,0.5,0.265625,0.5,0.265625,0.5
1,BiLSTM_n_gram_pooling_avg_liar,2020-04-21 11:45:24.539355,"0.001,100,0.5",27,0.25089172199368476,0.2765047170899131,24.853515625,25.426136363636363,0.2890625,0.5,0.2890625,0.5,0.2890625,0.5
1,BiLSTM_n_gram_pooling_avg_liar,2020-04-21 11:45:26.956781,"0.001,100,0.5",28,0.2515442280098796,0.2766863744367253,24.921875,24.857954545454547,0.265625,0.5,0.265625,0.5,0.265625,0.5
1,BiLSTM_n_gram_pooling_avg_liar,2020-04-21 11:45:29.379353,"0.001,100,0.5",29,0.2514936635270715,0.27915191650390625,24.921875,24.573863636363637,0.296875,0.5,0.296875,0.5,0.296875,0.5
1,BiLSTM_n_gram_pooling_avg_liar,2020-04-21 11:45:31.781466,"0.001,100,0.5",30,0.2512199504300952,0.27604913169687445,25.0390625,25.639204545454547,0.2265625,0.5,0.2265625,0.5,0.2265625,0.5
1,BiLSTM_n_gram_pooling_avg_liar,2020-04-21 11:45:34.192142,"0.001,100,0.5",31,0.25108694322407243,0.276647764173421,24.814453125,24.857954545454547,0.3203125,0.5,0.3203125,0.5,0.3203125,0.5
1,BiLSTM_n_gram_pooling_avg_liar,2020-04-21 11:45:36.621749,"0.001,100,0.5",32,0.25176571141928433,0.27849894897504285,25.1171875,25.0,0.25,0.5,0.25,0.5,0.25,0.5
1,BiLSTM_n_gram_pooling_avg_liar,2020-04-21 11:45:39.042716,"0.001,100,0.5",33,0.2508260076865554,0.2779993563890457,24.7265625,24.644886363636363,0.171875,0.5,0.171875,0.5,0.171875,0.5
1,BiLSTM_n_gram_pooling_avg_liar,2020-04-21 11:45:41.431048,"0.001,100,0.5",34,0.25110123846679927,0.27767776359211316,25.712890625,25.142045454545453,0.28125,0.5,0.28125,0.5,0.28125,0.5
1,BiLSTM_n_gram_pooling_avg_liar,2020-04-21 11:45:43.811622,"0.001,100,0.5",35,0.25116498824208977,0.27843010696497833,25.009765625,24.573863636363637,0.25,0.5,0.25,0.5,0.25,0.5
1,BiLSTM_n_gram_pooling_avg_liar,2020-04-21 11:45:46.198662,"0.001,100,0.5",36,0.2508467774838209,0.27991132844578137,24.697265625,24.644886363636363,0.265625,0.5,0.265625,0.5,0.265625,0.5
1,BiLSTM_n_gram_pooling_avg_liar,2020-04-21 11:45:48.621050,"0.001,100,0.5",37,0.2511858556419611,0.2808466011827642,25.283203125,24.431818181818183,0.2109375,0.5,0.2109375,0.5,0.2109375,0.5
1,BiLSTM_n_gram_pooling_avg_liar,2020-04-21 11:45:51.072299,"0.001,100,0.5",38,0.25080932714045046,0.2796346138824116,24.931640625,25.0,0.2421875,0.5,0.2421875,0.5,0.2421875,0.5
1,BiLSTM_n_gram_pooling_avg_liar,2020-04-21 11:45:53.490939,"0.001,100,0.5",39,0.25004355441778897,0.2811344699426131,25.478515625,24.21875,0.25,0.5,0.25,0.5,0.25,0.5
1,BiLSTM_n_gram_pooling_avg_liar,2020-04-21 11:45:55.939077,"0.001,100,0.5",40,0.2505851309746504,0.28217158805240283,25.56640625,21.661931818181817,0.296875,0.25,0.296875,0.25,0.296875,0.25
1,BiLSTM_n_gram_pooling_avg_liar,2020-04-21 11:45:58.402532,"0.001,100,0.5",41,0.2504495630040765,0.28252490813081915,25.0390625,22.15909090909091,0.1796875,0.25,0.1796875,0.25,0.1796875,0.25
1,BiLSTM_n_gram_pooling_avg_liar,2020-04-21 11:46:00.831408,"0.001,100,0.5",42,0.2506150744855404,0.2814296849749305,25.37109375,22.514204545454547,0.2890625,0.25,0.2890625,0.25,0.2890625,0.25
1,BiLSTM_n_gram_pooling_avg_liar,2020-04-21 11:46:03.256019,"0.001,100,0.5",43,0.24989346824586392,0.2828601056879217,24.951171875,22.37215909090909,0.2578125,0.25,0.2578125,0.25,0.2578125,0.25
1,BiLSTM_n_gram_pooling_avg_liar,2020-04-21 11:46:05.661338,"0.001,100,0.5",44,0.24971999265253544,0.2816542129624974,25.1171875,22.301136363636363,0.265625,0.25,0.265625,0.25,0.265625,0.25
1,BiLSTM_n_gram_pooling_avg_liar,2020-04-21 11:46:08.116952,"0.001,100,0.5",45,0.2497406853362918,0.2824433838779276,25.322265625,24.857954545454547,0.2890625,0.5,0.2890625,0.5,0.2890625,0.5
1,BiLSTM_n_gram_pooling_avg_liar,2020-04-21 11:46:10.579551,"0.001,100,0.5",46,0.24977617990225554,0.28902327607978473,25.791015625,22.15909090909091,0.234375,0.25,0.234375,0.25,0.234375,0.25
1,BiLSTM_n_gram_pooling_avg_liar,2020-04-21 11:46:13.164245,"0.001,100,0.5",47,0.250552424043417,0.2822238125584342,25.6640625,24.573863636363637,0.1640625,0.5,0.1640625,0.5,0.1640625,0.5
1,BiLSTM_n_gram_pooling_avg_liar,2020-04-21 11:46:15.652054,"0.001,100,0.5",48,0.25039545334875585,0.28148218447511847,25.80078125,25.071022727272727,0.2890625,0.5,0.2890625,0.5,0.2890625,0.5
1,BiLSTM_n_gram_pooling_avg_liar,2020-04-21 11:46:18.109744,"0.001,100,0.5",49,0.2497987249866128,0.28301739963618194,25.9765625,25.0,0.234375,0.5,0.234375,0.5,0.234375,0.5
1,BiLSTM_n_gram_pooling_avg_liar,2020-04-21 11:46:20.642017,"0.001,100,0.5",50,0.24929296541959048,0.2874136540022763,25.849609375,24.147727272727273,0.1953125,0.5,0.1953125,0.5,0.1953125,0.5
2,BiLSTM_n_gram_pooling_avg_liar,2020-04-21 11:46:23.362206,"0.001,100,0.5",1,0.26703987792134287,0.2684019072489305,19.931640625,21.306818181818183,0.1953125,0.5,0.1953125,0.5,0.1953125,0.5
2,BiLSTM_n_gram_pooling_avg_liar,2020-04-21 11:46:25.917691,"0.001,100,0.5",2,0.2639282429590821,0.2908606312491677,20.01953125,22.869318181818183,0.2421875,0.5,0.2421875,0.5,0.2421875,0.5
2,BiLSTM_n_gram_pooling_avg_liar,2020-04-21 11:46:28.386776,"0.001,100,0.5",3,0.26325204130262136,0.273780112916773,21.2109375,20.241477272727273,0.2578125,0.25,0.2578125,0.25,0.2578125,0.25
2,BiLSTM_n_gram_pooling_avg_liar,2020-04-21 11:46:30.873737,"0.001,100,0.5",4,0.26260257251560687,0.27092758227478375,20.1953125,21.164772727272727,0.203125,0.25,0.203125,0.25,0.203125,0.25
2,BiLSTM_n_gram_pooling_avg_liar,2020-04-21 11:46:33.561234,"0.001,100,0.5",5,0.2611244747415185,0.28662215173244476,20.888671875,25.710227272727273,0.1640625,0.5,0.1640625,0.5,0.1640625,0.5
2,BiLSTM_n_gram_pooling_avg_liar,2020-04-21 11:46:36.142157,"0.001,100,0.5",6,0.26043901666998864,0.2681350613182241,21.611328125,23.650568181818183,0.21875,0.25,0.21875,0.25,0.21875,0.25
2,BiLSTM_n_gram_pooling_avg_liar,2020-04-21 11:46:38.702598,"0.001,100,0.5",7,0.2600783666595817,0.2773846821351485,21.748046875,23.4375,0.1953125,0.5,0.1953125,0.5,0.1953125,0.5
2,BiLSTM_n_gram_pooling_avg_liar,2020-04-21 11:46:41.260751,"0.001,100,0.5",8,0.2593559021130204,0.2707566795024005,21.73828125,24.147727272727273,0.2421875,0.5,0.2421875,0.5,0.2421875,0.5
2,BiLSTM_n_gram_pooling_avg_liar,2020-04-21 11:46:43.923596,"0.001,100,0.5",9,0.25926182940602305,0.2752032632177526,22.24609375,25.710227272727273,0.2265625,0.5,0.2265625,0.5,0.2265625,0.5
2,BiLSTM_n_gram_pooling_avg_liar,2020-04-21 11:46:46.425016,"0.001,100,0.5",10,0.25838336572051046,0.27578500319610944,21.8359375,25.639204545454547,0.2421875,0.5,0.2421875,0.5,0.2421875,0.5
2,BiLSTM_n_gram_pooling_avg_liar,2020-04-21 11:46:48.940994,"0.001,100,0.5",11,0.2580628013238311,0.2762032557617534,22.34375,23.224431818181817,0.234375,0.25,0.234375,0.25,0.234375,0.25
2,BiLSTM_n_gram_pooling_avg_liar,2020-04-21 11:46:51.463327,"0.001,100,0.5",12,0.2567750131711364,0.2748452126979828,22.71484375,23.224431818181817,0.2265625,0.5,0.2265625,0.5,0.2265625,0.5
2,BiLSTM_n_gram_pooling_avg_liar,2020-04-21 11:46:53.992014,"0.001,100,0.5",13,0.2567512458190322,0.2775657122785395,23.271484375,24.147727272727273,0.2578125,0.5,0.2578125,0.5,0.2578125,0.5
2,BiLSTM_n_gram_pooling_avg_liar,2020-04-21 11:46:56.486897,"0.001,100,0.5",14,0.2562394753098488,0.2771562080491673,23.173828125,25.0,0.234375,0.5,0.234375,0.5,0.234375,0.5
2,BiLSTM_n_gram_pooling_avg_liar,2020-04-21 11:46:59.002688,"0.001,100,0.5",15,0.2555200759321451,0.28340071168812836,23.203125,22.514204545454547,0.2265625,0.25,0.2265625,0.25,0.2265625,0.25
2,BiLSTM_n_gram_pooling_avg_liar,2020-04-21 11:47:01.602276,"0.001,100,0.5",16,0.25572735611349345,0.279504655437036,23.125,25.78125,0.1875,0.5,0.1875,0.5,0.1875,0.5
2,BiLSTM_n_gram_pooling_avg_liar,2020-04-21 11:47:05.006347,"0.001,100,0.5",17,0.25478677470237016,0.27442070841789246,23.14453125,24.076704545454547,0.234375,0.5,0.234375,0.5,0.234375,0.5
2,BiLSTM_n_gram_pooling_avg_liar,2020-04-21 11:47:07.604752,"0.001,100,0.5",18,0.25329104382544754,0.2759589512239803,23.65234375,26.491477272727273,0.2578125,0.75,0.2578125,0.75,0.2578125,0.75
2,BiLSTM_n_gram_pooling_avg_liar,2020-04-21 11:47:10.279296,"0.001,100,0.5",19,0.2532953379675746,0.2770753516392274,23.88671875,27.272727272727273,0.21875,0.75,0.21875,0.75,0.21875,0.75
2,BiLSTM_n_gram_pooling_avg_liar,2020-04-21 11:47:12.801174,"0.001,100,0.5",20,0.2523770537227392,0.27812527255578473,24.443359375,25.142045454545453,0.1953125,0.5,0.1953125,0.5,0.1953125,0.5
2,BiLSTM_n_gram_pooling_avg_liar,2020-04-21 11:47:15.248458,"0.001,100,0.5",21,0.2527824819087982,0.2791026004336097,24.384765625,26.775568181818183,0.125,0.75,0.125,0.75,0.125,0.75
2,BiLSTM_n_gram_pooling_avg_liar,2020-04-21 11:47:17.710689,"0.001,100,0.5",22,0.2525533499196172,0.27788286859338934,24.091796875,24.857954545454547,0.1640625,0.5,0.1640625,0.5,0.1640625,0.5
2,BiLSTM_n_gram_pooling_avg_liar,2020-04-21 11:47:20.188231,"0.001,100,0.5",23,0.2526974990963936,0.2765663510019129,24.140625,24.857954545454547,0.234375,0.5,0.234375,0.5,0.234375,0.5
2,BiLSTM_n_gram_pooling_avg_liar,2020-04-21 11:47:22.633234,"0.001,100,0.5",24,0.2525661252439022,0.2773757820779627,24.6875,25.071022727272727,0.2734375,0.5,0.2734375,0.5,0.2734375,0.5
2,BiLSTM_n_gram_pooling_avg_liar,2020-04-21 11:47:25.092244,"0.001,100,0.5",25,0.25268504619598386,0.27845446088097314,24.43359375,24.50284090909091,0.15625,0.5,0.15625,0.5,0.15625,0.5
2,BiLSTM_n_gram_pooling_avg_liar,2020-04-21 11:47:27.525070,"0.001,100,0.5",26,0.251997771859169,0.2817402888428081,24.921875,24.857954545454547,0.2578125,0.5,0.2578125,0.5,0.2578125,0.5
2,BiLSTM_n_gram_pooling_avg_liar,2020-04-21 11:47:29.988894,"0.001,100,0.5",27,0.25243593081831933,0.2809251614592292,24.4921875,24.71590909090909,0.2421875,0.5,0.2421875,0.5,0.2421875,0.5
2,BiLSTM_n_gram_pooling_avg_liar,2020-04-21 11:47:32.454525,"0.001,100,0.5",28,0.25166239868849516,0.2813623412088914,25.458984375,24.786931818181817,0.3046875,0.5,0.3046875,0.5,0.3046875,0.5
2,BiLSTM_n_gram_pooling_avg_liar,2020-04-21 11:47:34.947727,"0.001,100,0.5",29,0.2520428493618965,0.2824262339960445,24.677734375,24.50284090909091,0.296875,0.5,0.296875,0.5,0.296875,0.5
2,BiLSTM_n_gram_pooling_avg_liar,2020-04-21 11:47:37.407784,"0.001,100,0.5",30,0.25185236874967815,0.2834226854822852,24.638671875,24.431818181818183,0.1953125,0.5,0.1953125,0.5,0.1953125,0.5
2,BiLSTM_n_gram_pooling_avg_liar,2020-04-21 11:47:39.872862,"0.001,100,0.5",31,0.2519175672903657,0.2815266522494229,24.990234375,25.071022727272727,0.2890625,0.5,0.2890625,0.5,0.2890625,0.5
2,BiLSTM_n_gram_pooling_avg_liar,2020-04-21 11:47:42.369767,"0.001,100,0.5",32,0.2517769530415535,0.28269763697277417,24.833984375,27.130681818181817,0.2734375,0.75,0.2734375,0.75,0.2734375,0.75
2,BiLSTM_n_gram_pooling_avg_liar,2020-04-21 11:47:44.853468,"0.001,100,0.5",33,0.2512632805854082,0.28238886865702545,24.58984375,24.71590909090909,0.2265625,0.5,0.2265625,0.5,0.2265625,0.5
2,BiLSTM_n_gram_pooling_avg_liar,2020-04-21 11:47:47.334235,"0.001,100,0.5",34,0.25172772258520126,0.28423320705240424,25.25390625,23.792613636363637,0.2578125,0.5,0.2578125,0.5,0.2578125,0.5
2,BiLSTM_n_gram_pooling_avg_liar,2020-04-21 11:47:49.806867,"0.001,100,0.5",35,0.2514196554198861,0.2835011211308566,25.009765625,26.775568181818183,0.203125,0.75,0.203125,0.75,0.203125,0.75
2,BiLSTM_n_gram_pooling_avg_liar,2020-04-21 11:47:52.284190,"0.001,100,0.5",36,0.25176611728966236,0.28420981629328296,25.21484375,24.289772727272727,0.2265625,0.5,0.2265625,0.5,0.2265625,0.5
2,BiLSTM_n_gram_pooling_avg_liar,2020-04-21 11:47:54.757220,"0.001,100,0.5",37,0.25098917800933124,0.2848628651012074,24.853515625,24.360795454545453,0.2109375,0.5,0.2109375,0.5,0.2109375,0.5
2,BiLSTM_n_gram_pooling_avg_liar,2020-04-21 11:47:57.221318,"0.001,100,0.5",38,0.2513236762955785,0.28631901470097626,24.384765625,24.857954545454547,0.2265625,0.5,0.2265625,0.5,0.2265625,0.5
2,BiLSTM_n_gram_pooling_avg_liar,2020-04-21 11:47:59.718630,"0.001,100,0.5",39,0.25085136722773316,0.2834453853693875,25.0390625,24.928977272727273,0.2265625,0.5,0.2265625,0.5,0.2265625,0.5
2,BiLSTM_n_gram_pooling_avg_liar,2020-04-21 11:48:02.230886,"0.001,100,0.5",40,0.25088084395974874,0.2838319187814539,25.01953125,24.857954545454547,0.3046875,0.5,0.3046875,0.5,0.3046875,0.5
2,BiLSTM_n_gram_pooling_avg_liar,2020-04-21 11:48:04.770176,"0.001,100,0.5",41,0.25038690827786925,0.2863235731016506,25.244140625,24.71590909090909,0.2265625,0.5,0.2265625,0.5,0.2265625,0.5
2,BiLSTM_n_gram_pooling_avg_liar,2020-04-21 11:48:07.247027,"0.001,100,0.5",42,0.25075511187314986,0.2845982177691026,24.4921875,24.360795454545453,0.2109375,0.5,0.2109375,0.5,0.2109375,0.5
2,BiLSTM_n_gram_pooling_avg_liar,2020-04-21 11:48:09.737681,"0.001,100,0.5",43,0.2505736481398344,0.2855008745735342,25.126953125,24.147727272727273,0.2578125,0.5,0.2578125,0.5,0.2578125,0.5
2,BiLSTM_n_gram_pooling_avg_liar,2020-04-21 11:48:12.254132,"0.001,100,0.5",44,0.25054552163928745,0.2876196015964855,25.693359375,24.786931818181817,0.234375,0.5,0.234375,0.5,0.234375,0.5
2,BiLSTM_n_gram_pooling_avg_liar,2020-04-21 11:48:14.779057,"0.001,100,0.5",45,0.2512588009238243,0.2868556637655605,24.638671875,24.005681818181817,0.21875,0.5,0.21875,0.5,0.21875,0.5
2,BiLSTM_n_gram_pooling_avg_liar,2020-04-21 11:48:17.311635,"0.001,100,0.5",46,0.2511183485388756,0.288014371286739,25.009765625,24.71590909090909,0.2109375,0.5,0.2109375,0.5,0.2109375,0.5
2,BiLSTM_n_gram_pooling_avg_liar,2020-04-21 11:48:19.861995,"0.001,100,0.5",47,0.25119625888764857,0.2885601683096452,25.17578125,24.289772727272727,0.21875,0.5,0.21875,0.5,0.21875,0.5
2,BiLSTM_n_gram_pooling_avg_liar,2020-04-21 11:48:22.293268,"0.001,100,0.5",48,0.25060140807181597,0.28624329241839325,25.244140625,25.071022727272727,0.2734375,0.5,0.2734375,0.5,0.2734375,0.5
2,BiLSTM_n_gram_pooling_avg_liar,2020-04-21 11:48:24.825893,"0.001,100,0.5",49,0.25005789622664454,0.29045703465288336,25.625,24.147727272727273,0.265625,0.5,0.265625,0.5,0.265625,0.5
2,BiLSTM_n_gram_pooling_avg_liar,2020-04-21 11:48:27.311090,"0.001,100,0.5",50,0.2504520723596215,0.2889239381660115,25.205078125,24.431818181818183,0.203125,0.5,0.203125,0.5,0.203125,0.5
