0,CNN__combined,2020-04-20 15:40:37.593499,"0.001,100,0.1",1,0.12988509305369803,0.07649430324921862,87.16423159512607,94.09963768115942,0.8260869565217391,0.8571428571428571,0.8837209302325582,0.75,0.853932584269663,0.7999999999999999
0,CNN__combined,2020-04-20 15:42:48.656756,"0.001,100,0.1",2,0.05344862893965595,0.04909984780466499,95.29802490234376,95.18327298371688,0.8913043478260869,0.875,1.0,0.875,0.9425287356321839,0.875
0,CNN__combined,2020-04-20 15:44:58.812104,"0.001,100,0.1",3,0.029954151965484215,0.040316104633724634,97.57088745117187,96.59858095473137,0.92,0.875,1.0,0.875,0.9583333333333334,0.875
0,CNN__combined,2020-04-20 15:47:06.769594,"0.001,100,0.1",4,0.019623532457382003,0.045520314749798195,98.46022727272727,96.66651573734006,1.0,0.875,1.0,0.875,1.0,0.875
0,CNN__combined,2020-04-20 15:49:15.581370,"0.001,100,0.1",5,0.012074038913328346,0.03707550919124326,99.2159090909091,97.10477060511492,0.96875,1.0,1.0,0.875,0.9841269841269841,0.9333333333333333
0,CNN__combined,2020-04-20 15:51:27.304472,"0.001,100,0.1",6,0.009076462628025545,0.03771559520710062,99.44304654208096,97.02883457791978,1.0,0.875,1.0,0.875,1.0,0.875
0,CNN__combined,2020-04-20 15:53:37.636919,"0.001,100,0.1",7,0.007204043951804762,0.03633266161191435,99.55668290571732,96.72312805618066,0.96875,0.875,1.0,0.875,0.9841269841269841,0.875
0,CNN__combined,2020-04-20 15:55:46.711666,"0.001,100,0.1",8,0.005599925257739292,0.03607320075818666,99.69318181818181,97.01751211415167,0.9777777777777777,0.875,1.0,0.875,0.9887640449438202,0.875
0,CNN__combined,2020-04-20 15:57:58.083708,"0.001,100,0.1",9,0.005094361276258976,0.03587695525464229,99.71009199662642,97.01751211415167,1.0,0.875,1.0,0.875,1.0,0.875
0,CNN__combined,2020-04-20 16:00:07.339912,"0.001,100,0.1",10,0.003378882033924786,0.035962768627537625,99.81818181818181,97.19867153444152,0.975609756097561,0.875,1.0,0.875,0.9876543209876543,0.875
0,CNN__combined,2020-04-20 16:02:15.727529,"0.001,100,0.1",11,0.0034178194787667752,0.03841419817767318,99.80397727272727,97.04015704168789,1.0,0.875,1.0,0.875,1.0,0.875
0,CNN__combined,2020-04-20 16:04:23.590651,"0.001,100,0.1",12,0.0034178878295258517,0.040094618561907096,99.7784090909091,97.07412443299225,1.0,0.875,1.0,0.875,1.0,0.875
0,CNN__combined,2020-04-20 16:06:31.036600,"0.001,100,0.1",13,0.0037018573812352194,0.043678959849681974,99.78125,97.04015704168789,0.9444444444444444,0.875,1.0,0.875,0.9714285714285714,0.875
0,CNN__combined,2020-04-20 16:08:37.807016,"0.001,100,0.1",14,0.003148224876590831,0.10568611797809169,99.8125,95.81733095473137,1.0,1.0,1.0,0.75,1.0,0.8571428571428571
1,CNN__combined,2020-04-20 16:10:47.803337,"0.001,100,0.1",1,0.12265596163608294,0.06704088219481966,87.65016235351563,93.83121988047724,0.7450980392156863,0.7,0.9743589743589743,0.875,0.8444444444444443,0.7777777777777777
1,CNN__combined,2020-04-20 16:12:54.822984,"0.001,100,0.1",2,0.04919811855098515,0.046173785774640125,95.82048159512607,96.48535631705022,0.8787878787878788,0.875,0.9354838709677419,0.875,0.90625,0.875
1,CNN__combined,2020-04-20 16:15:03.489140,"0.001,100,0.1",3,0.025909445823625827,0.046654394698297776,97.92897727272727,96.76841791125311,0.9565217391304348,0.875,1.0,0.875,0.9777777777777777,0.875
1,CNN__combined,2020-04-20 16:17:13.822227,"0.001,100,0.1",4,0.016959049361052386,0.04745870257552336,98.75541126598011,96.94957733154297,0.9743589743589743,0.875,1.0,0.875,0.9870129870129869,0.875
1,CNN__combined,2020-04-20 16:19:21.790980,"0.001,100,0.1",5,0.010800084563625323,0.0370477861608716,99.2328192693537,96.29287443299225,0.9782608695652174,0.875,1.0,0.875,0.989010989010989,0.875
1,CNN__combined,2020-04-20 16:21:28.213332,"0.001,100,0.1",6,0.007418485144838627,0.03651044801107027,99.5284090909091,97.09676936052847,1.0,0.875,1.0,0.875,1.0,0.875
1,CNN__combined,2020-04-20 16:23:39.953322,"0.001,100,0.1",7,0.0056894340330041395,0.05741176367224451,99.67613636363636,96.94957733154297,1.0,0.875,1.0,0.875,1.0,0.875
1,CNN__combined,2020-04-20 16:25:47.246091,"0.001,100,0.1",8,0.003960079056224927,0.04168433048029021,99.80681818181819,97.3345410996589,0.9777777777777777,0.875,1.0,0.875,0.9887640449438202,0.875
1,CNN__combined,2020-04-20 16:27:58.596033,"0.001,100,0.1",9,0.0037193612170202087,0.037910069996887,99.78125,96.9722222590792,0.9767441860465116,0.875,1.0,0.875,0.988235294117647,0.875
1,CNN__combined,2020-04-20 16:30:08.612511,"0.001,100,0.1",10,0.004164013523342354,0.03915699162347251,99.72443181818181,97.08544689676036,0.9523809523809523,0.875,1.0,0.875,0.975609756097561,0.875
1,CNN__combined,2020-04-20 16:32:16.959938,"0.001,100,0.1",11,0.003097619970436954,0.054825880989018416,99.79545454545455,97.06280196922413,1.0,0.875,1.0,0.875,1.0,0.875
1,CNN__combined,2020-04-20 16:34:23.241748,"0.001,100,0.1",12,0.004009346493063252,0.0485418162467903,99.72145563299006,95.79468602719514,0.972972972972973,0.8,1.0,1.0,0.9863013698630138,0.888888888888889
1,CNN__combined,2020-04-20 16:36:30.184066,"0.001,100,0.1",13,0.004739870501382809,0.04330149348152594,99.70454545454545,97.35718602719514,1.0,0.875,1.0,0.875,1.0,0.875
1,CNN__combined,2020-04-20 16:38:40.152578,"0.001,100,0.1",14,0.00493745539399384,0.06212444031503106,99.61647727272727,96.92693240400673,1.0,0.875,1.0,0.875,1.0,0.875
1,CNN__combined,2020-04-20 16:40:52.070003,"0.001,100,0.1",15,0.004153248245270471,0.05161764512968965,99.68736472389915,97.30057370835456,1.0,0.875,1.0,0.875,1.0,0.875
1,CNN__combined,2020-04-20 16:43:01.290238,"0.001,100,0.1",16,0.0033058303375038,0.04493215431705576,99.76988636363636,97.17602660690528,1.0,0.875,1.0,0.875,1.0,0.875
1,CNN__combined,2020-04-20 16:45:12.567996,"0.001,100,0.1",17,0.003179397975841489,0.04431400454539022,99.75852272727273,96.83635269386181,1.0,0.875,1.0,0.875,1.0,0.875
1,CNN__combined,2020-04-20 16:47:18.662470,"0.001,100,0.1",18,0.0019881261182617335,0.04612741913664456,99.88352272727273,97.3345410996589,1.0,0.875,1.0,0.875,1.0,0.875
1,CNN__combined,2020-04-20 16:49:28.492548,"0.001,100,0.1",19,0.00179246518017575,0.047523351157790474,99.89204545454545,97.34586356342703,1.0,0.875,1.0,0.875,1.0,0.875
1,CNN__combined,2020-04-20 16:51:36.971547,"0.001,100,0.1",20,0.0018519126837045054,0.048266385581855024,99.89488636363636,97.3345410996589,0.9333333333333333,0.875,1.0,0.875,0.9655172413793104,0.875
1,CNN__combined,2020-04-20 16:53:46.743421,"0.001,100,0.1",21,0.0015173213424723498,0.05382990661400015,99.91193181818181,97.31189617212267,1.0,0.875,1.0,0.875,1.0,0.875
1,CNN__combined,2020-04-20 16:55:56.157324,"0.001,100,0.1",22,0.0014689397121360325,0.051684925070421654,99.91193181818181,97.35718602719514,1.0,0.875,1.0,0.875,1.0,0.875
1,CNN__combined,2020-04-20 16:58:05.687635,"0.001,100,0.1",23,0.0012464616853124924,0.04917324826890684,99.92897727272727,97.3232186358908,1.0,0.875,1.0,0.875,1.0,0.875
1,CNN__combined,2020-04-20 17:00:14.625454,"0.001,100,0.1",24,0.0012699809650938657,0.049629638208659,99.91761363636364,97.36850849096326,1.0,0.875,1.0,0.875,1.0,0.875
1,CNN__combined,2020-04-20 17:02:23.623072,"0.001,100,0.1",25,0.0012759218372343346,0.05290261353612405,99.91477272727273,97.3232186358908,1.0,0.875,1.0,0.875,1.0,0.875
1,CNN__combined,2020-04-20 17:04:32.198976,"0.001,100,0.1",26,0.0013464358599994581,0.04966564316492627,99.91761363636364,97.37983095473137,1.0,0.875,1.0,0.875,1.0,0.875
1,CNN__combined,2020-04-20 17:06:42.303601,"0.001,100,0.1",27,0.0012836421462815574,0.04660317388716365,99.92329545454545,97.41379834603572,1.0,0.875,1.0,0.875,1.0,0.875
1,CNN__combined,2020-04-20 17:08:53.883056,"0.001,100,0.1",28,0.0010974859553073643,0.04821158110106742,99.9403409090909,97.44776573734006,1.0,0.875,1.0,0.875,1.0,0.875
1,CNN__combined,2020-04-20 17:11:03.062888,"0.001,100,0.1",29,0.0011593631243857847,0.04614442800439372,99.92897727272727,97.36850849096326,1.0,0.875,1.0,0.875,1.0,0.875
1,CNN__combined,2020-04-20 17:13:12.662865,"0.001,100,0.1",30,0.0011143505000254822,0.04800166369184114,99.92045454545455,97.42512080980384,1.0,0.875,1.0,0.875,1.0,0.875
1,CNN__combined,2020-04-20 17:15:24.261849,"0.001,100,0.1",31,0.0010351189752924508,0.047194323576896804,99.92613636363636,97.43644327357195,1.0,0.875,1.0,0.875,1.0,0.875
1,CNN__combined,2020-04-20 17:17:33.080172,"0.001,100,0.1",32,0.0010236884531262887,0.04868314999053345,99.9375,97.44776573734006,0.9743589743589743,0.875,1.0,0.875,0.9870129870129869,0.875
1,CNN__combined,2020-04-20 17:19:40.862635,"0.001,100,0.1",33,0.0009232402026626329,0.04799722936114629,99.9346590909091,97.40247588226761,1.0,0.875,1.0,0.875,1.0,0.875
1,CNN__combined,2020-04-20 17:21:48.814858,"0.001,100,0.1",34,0.0009205932239806571,0.04846213154164638,99.9346590909091,97.44776573734006,1.0,0.875,1.0,0.875,1.0,0.875
1,CNN__combined,2020-04-20 17:23:59.275785,"0.001,100,0.1",35,0.0009176537594470716,0.056054150796948664,99.92897727272727,97.35718602719514,1.0,0.875,1.0,0.875,1.0,0.875
1,CNN__combined,2020-04-20 17:26:09.381119,"0.001,100,0.1",36,0.000996768331865201,0.048557699231682835,99.92613636363636,97.42512080980384,1.0,0.875,1.0,0.875,1.0,0.875
1,CNN__combined,2020-04-20 17:28:18.078904,"0.001,100,0.1",37,0.0009948530508391382,0.04743063872421367,99.9346590909091,97.45908820110819,0.9743589743589743,0.875,1.0,0.875,0.9870129870129869,0.875
1,CNN__combined,2020-04-20 17:30:28.048396,"0.001,100,0.1",38,0.000992816040013376,0.04591721908606652,99.92613636363636,97.2552838532821,1.0,0.875,1.0,0.875,1.0,0.875
1,CNN__combined,2020-04-20 17:32:39.426591,"0.001,100,0.1",39,0.0008890922263693528,0.05227170079254212,99.9375,97.4704106648763,1.0,0.875,1.0,0.875,1.0,0.875
1,CNN__combined,2020-04-20 17:34:50.544943,"0.001,100,0.1",40,0.0008586439622337556,0.0502275147645651,99.9403409090909,97.49305559241253,1.0,0.875,1.0,0.875,1.0,0.875
1,CNN__combined,2020-04-20 17:37:02.486968,"0.001,100,0.1",41,0.0009216147231130718,0.051058573260760506,99.93181818181819,97.49305559241253,1.0,0.875,1.0,0.875,1.0,0.875
1,CNN__combined,2020-04-20 17:39:12.694068,"0.001,100,0.1",42,0.0009128130560717393,0.055514951181206584,99.9403409090909,97.40247588226761,1.0,0.875,1.0,0.875,1.0,0.875
1,CNN__combined,2020-04-20 17:41:22.986213,"0.001,100,0.1",43,0.0008175017471896819,0.049744664995491295,99.94318181818181,97.43644327357195,1.0,0.875,1.0,0.875,1.0,0.875
1,CNN__combined,2020-04-20 17:43:34.533277,"0.001,100,0.1",44,0.0008171366071442542,0.04869826786698108,99.9375,97.42512080980384,1.0,0.875,1.0,0.875,1.0,0.875
1,CNN__combined,2020-04-20 17:45:45.913983,"0.001,100,0.1",45,0.0007591263788899162,0.04676331403836212,99.94602272727273,97.3345410996589,1.0,0.875,1.0,0.875,1.0,0.875
1,CNN__combined,2020-04-20 17:47:55.055925,"0.001,100,0.1",46,0.0008520398482934066,0.05289314971084972,99.9375,97.44776573734006,1.0,0.875,1.0,0.875,1.0,0.875
1,CNN__combined,2020-04-20 17:50:04.189646,"0.001,100,0.1",47,0.0009133936211551707,0.04622066241180623,99.93181818181819,97.2552838532821,1.0,0.875,1.0,0.875,1.0,0.875
1,CNN__combined,2020-04-20 17:52:15.102162,"0.001,100,0.1",48,0.0009671875157404098,0.05025578309131723,99.9346590909091,97.4704106648763,1.0,0.875,1.0,0.875,1.0,0.875
1,CNN__combined,2020-04-20 17:54:25.615561,"0.001,100,0.1",49,0.0008675504209421695,0.050975771640328425,99.9403409090909,97.37983095473137,1.0,0.875,1.0,0.875,1.0,0.875
1,CNN__combined,2020-04-20 17:56:37.610018,"0.001,100,0.1",50,0.0009462971902983207,0.04938914221518556,99.9375,97.42512080980384,1.0,0.875,1.0,0.875,1.0,0.875
2,CNN__combined,2020-04-20 17:58:47.850386,"0.001,100,0.1",1,0.12467610774682712,0.06930687413339454,87.30086581143466,94.48792277902797,0.7391304347826086,0.7,0.9714285714285714,0.875,0.8395061728395062,0.7777777777777777
2,CNN__combined,2020-04-20 18:01:00.349191,"0.001,100,0.1",2,0.04897315334448051,0.046140823313327514,95.90611472389915,96.37213167936906,0.975,0.875,0.9285714285714286,0.875,0.951219512195122,0.875
2,CNN__combined,2020-04-20 18:03:08.092582,"0.001,100,0.1",3,0.02725184400956997,0.04009539406872602,97.7809794477983,96.06310393844825,0.9117647058823529,0.8888888888888888,1.0,1.0,0.9538461538461539,0.9411764705882353
2,CNN__combined,2020-04-20 18:05:18.591246,"0.001,100,0.1",4,0.016745999718883207,0.037627895305221135,98.80397727272727,97.05147950545602,0.8979591836734694,0.875,1.0,0.875,0.9462365591397849,0.875
2,CNN__combined,2020-04-20 18:07:31.896622,"0.001,100,0.1",5,0.009270627643284086,0.036062589192376045,99.4375,97.3232186358908,0.95,0.875,1.0,0.875,0.9743589743589743,0.875
2,CNN__combined,2020-04-20 18:09:42.745751,"0.001,100,0.1",6,0.006862108951990868,0.03593271258606571,99.57670454545455,97.1080918242966,1.0,0.875,1.0,0.875,1.0,0.875
2,CNN__combined,2020-04-20 18:11:55.046456,"0.001,100,0.1",7,0.005761832531946772,0.03689393497513076,99.64772727272727,96.98022350366564,1.0,0.8888888888888888,1.0,1.0,1.0,0.9411764705882353
2,CNN__combined,2020-04-20 18:14:03.995150,"0.001,100,0.1",8,0.004293852708870908,0.04119940184126496,99.76988636363636,97.41379834603572,1.0,0.875,1.0,0.875,1.0,0.875
2,CNN__combined,2020-04-20 18:16:16.148286,"0.001,100,0.1",9,0.004834787662441387,0.05383449878631349,99.67897727272727,96.93493364859319,1.0,1.0,1.0,0.875,1.0,0.9333333333333333
2,CNN__combined,2020-04-20 18:18:26.018999,"0.001,100,0.1",10,0.0038130224445477945,0.05044128304166305,99.7528409090909,97.12741553265116,1.0,1.0,1.0,0.875,1.0,0.9333333333333333
2,CNN__combined,2020-04-20 18:20:36.624703,"0.001,100,0.1",11,0.0034376376953194707,0.04121765183212892,99.7784090909091,97.1873490706734,1.0,0.875,1.0,0.875,1.0,0.875
2,CNN__combined,2020-04-20 18:22:47.690763,"0.001,100,0.1",12,0.003486965184560594,0.03734264619297523,99.76136363636364,97.24064017033231,1.0,0.8888888888888888,1.0,1.0,1.0,0.9411764705882353
2,CNN__combined,2020-04-20 18:24:57.057736,"0.001,100,0.1",13,0.002331948736577962,0.044246825374829345,99.86363636363636,97.31189617212267,1.0,0.875,1.0,0.875,1.0,0.875
2,CNN__combined,2020-04-20 18:27:06.224414,"0.001,100,0.1",14,0.0033153258115219486,0.042214909287412526,99.7528409090909,97.35718602719514,1.0,0.875,1.0,0.875,1.0,0.875
2,CNN__combined,2020-04-20 18:29:14.859367,"0.001,100,0.1",15,0.004032719543166419,0.04683311834818895,99.72727272727273,97.46708944569464,1.0,0.8888888888888888,1.0,1.0,1.0,0.9411764705882353
2,CNN__combined,2020-04-20 18:31:22.970716,"0.001,100,0.1",16,0.0035457855101850675,0.05683496380546513,99.73295454545455,97.26328509786855,1.0,1.0,1.0,0.875,1.0,0.9333333333333333
2,CNN__combined,2020-04-20 18:33:32.181817,"0.001,100,0.1",17,0.0028945281157129973,0.05563662876758572,99.80113636363636,97.30857495294102,1.0,1.0,1.0,0.875,1.0,0.9333333333333333
2,CNN__combined,2020-04-20 18:35:45.882984,"0.001,100,0.1",18,0.001774483881981487,0.04929367481215726,99.88352272727273,97.39915466308594,1.0,1.0,1.0,0.875,1.0,0.9333333333333333
2,CNN__combined,2020-04-20 18:37:56.001422,"0.001,100,0.1",19,0.0017335687537205877,0.0476353830502454,99.88636363636364,97.43312205439028,1.0,1.0,1.0,0.875,1.0,0.9333333333333333
2,CNN__combined,2020-04-20 18:40:07.376701,"0.001,100,0.1",20,0.0014437444281916274,0.0461415619845952,99.89204545454545,97.34586356342703,1.0,0.875,1.0,0.875,1.0,0.875
2,CNN__combined,2020-04-20 18:42:17.488692,"0.001,100,0.1",21,0.0012976446847085645,0.045524458511550306,99.92045454545455,97.31189617212267,1.0,0.875,1.0,0.875,1.0,0.875
2,CNN__combined,2020-04-20 18:44:27.886036,"0.001,100,0.1",22,0.001452862009150581,0.04608508050090809,99.9034090909091,97.34586356342703,1.0,0.875,1.0,0.875,1.0,0.875
2,CNN__combined,2020-04-20 18:46:37.863942,"0.001,100,0.1",23,0.0012658489765104228,0.0470683534813433,99.91193181818181,97.37983095473137,1.0,0.875,1.0,0.875,1.0,0.875
2,CNN__combined,2020-04-20 18:48:46.135055,"0.001,100,0.1",24,0.0011643343543605092,0.04960025683736006,99.9090909090909,97.46708944569464,1.0,1.0,1.0,0.875,1.0,0.9333333333333333
2,CNN__combined,2020-04-20 18:50:54.175182,"0.001,100,0.1",25,0.00118019859095732,0.04589628971876927,99.92613636363636,97.41379834603572,1.0,0.875,1.0,0.875,1.0,0.875
2,CNN__combined,2020-04-20 18:53:02.375124,"0.001,100,0.1",26,0.0011307827077242313,0.04781829197778578,99.92329545454545,97.48973437323086,1.0,1.0,1.0,0.875,1.0,0.9333333333333333
2,CNN__combined,2020-04-20 18:55:08.072395,"0.001,100,0.1",27,0.0010800287281641171,0.050390619725587324,99.91761363636364,97.48973437323086,0.9761904761904762,1.0,1.0,0.875,0.9879518072289156,0.9333333333333333
2,CNN__combined,2020-04-20 18:57:15.925519,"0.001,100,0.1",28,0.0010458852333551903,0.05159182735534322,99.92897727272727,97.52370176453522,1.0,1.0,1.0,0.875,1.0,0.9333333333333333
2,CNN__combined,2020-04-20 18:59:25.213002,"0.001,100,0.1",29,0.0010687097775223472,0.046230945252197016,99.92897727272727,97.49305559241253,1.0,0.875,1.0,0.875,1.0,0.875
2,CNN__combined,2020-04-20 19:01:34.775688,"0.001,100,0.1",30,0.0010362762249895327,0.05336837784733606,99.92897727272727,97.42179959062217,1.0,1.0,1.0,0.875,1.0,0.9333333333333333
2,CNN__combined,2020-04-20 19:03:43.530919,"0.001,100,0.1",31,0.0010115637588092967,0.04643890473262772,99.93181818181819,97.49305559241253,1.0,0.875,1.0,0.875,1.0,0.875
2,CNN__combined,2020-04-20 19:05:51.633832,"0.001,100,0.1",32,0.0009277260463451841,0.05058942607556726,99.94602272727273,97.48973437323086,1.0,1.0,1.0,0.875,1.0,0.9333333333333333
2,CNN__combined,2020-04-20 19:08:00.902639,"0.001,100,0.1",33,0.0008912647479454794,0.051171312526673764,99.9403409090909,97.50105683699898,1.0,1.0,1.0,0.875,1.0,0.9333333333333333
2,CNN__combined,2020-04-20 19:10:09.759612,"0.001,100,0.1",34,0.000876858652791979,0.049026269364229214,99.94318181818181,97.52370176453522,1.0,1.0,1.0,0.875,1.0,0.9333333333333333
2,CNN__combined,2020-04-20 19:12:17.849182,"0.001,100,0.1",35,0.0008577354276703418,0.04931258008636507,99.94602272727273,97.52702298371688,1.0,0.875,1.0,0.875,1.0,0.875
2,CNN__combined,2020-04-20 19:14:24.988322,"0.001,100,0.1",36,0.0008244520956009084,0.048323675967833914,99.94602272727273,97.49305559241253,1.0,0.875,1.0,0.875,1.0,0.875
2,CNN__combined,2020-04-20 19:16:31.553441,"0.001,100,0.1",37,0.0008580729185352333,0.04557183680649856,99.94318181818181,97.37983095473137,1.0,0.875,1.0,0.875,1.0,0.875
2,CNN__combined,2020-04-20 19:18:42.202885,"0.001,100,0.1",38,0.0009999264849913539,0.05168715717102253,99.92329545454545,97.53502422830333,1.0,1.0,1.0,0.875,1.0,0.9333333333333333
2,CNN__combined,2020-04-20 19:20:50.995275,"0.001,100,0.1",39,0.0008686791695448712,0.047536247904999586,99.9346590909091,97.39115341849948,1.0,0.875,1.0,0.875,1.0,0.875
2,CNN__combined,2020-04-20 19:22:59.857789,"0.001,100,0.1",40,0.0008246768477647296,0.0445206834577195,99.94318181818181,97.27792878081833,1.0,0.875,1.0,0.875,1.0,0.875
2,CNN__combined,2020-04-20 19:25:06.776475,"0.001,100,0.1",41,0.0009255860221414226,0.049676894178852474,99.9346590909091,97.43644327357195,1.0,0.875,1.0,0.875,1.0,0.875
2,CNN__combined,2020-04-20 19:27:15.763241,"0.001,100,0.1",42,0.0008189135397246684,0.053162085212573665,99.9375,97.4704106648763,1.0,0.875,1.0,0.875,1.0,0.875
2,CNN__combined,2020-04-20 19:29:24.183595,"0.001,100,0.1",43,0.0008374226513357523,0.04772317397810861,99.9375,97.43644327357195,1.0,0.875,1.0,0.875,1.0,0.875
2,CNN__combined,2020-04-20 19:31:32.072890,"0.001,100,0.1",44,0.0008192143992094264,0.052008612093106275,99.94318181818181,97.45908820110819,1.0,0.875,1.0,0.875,1.0,0.875
2,CNN__combined,2020-04-20 19:33:41.483375,"0.001,100,0.1",45,0.0008194600784759231,0.04757472893234414,99.9346590909091,97.42512080980384,1.0,0.875,1.0,0.875,1.0,0.875
2,CNN__combined,2020-04-20 19:35:49.744385,"0.001,100,0.1",46,0.0008474285149929737,0.050586796524543044,99.9375,97.43644327357195,1.0,0.875,1.0,0.875,1.0,0.875
2,CNN__combined,2020-04-20 19:37:57.275104,"0.001,100,0.1",47,0.0009597723408819449,0.055917802526129656,99.92600108753551,97.43644327357195,1.0,0.875,1.0,0.875,1.0,0.875
2,CNN__combined,2020-04-20 19:40:03.531980,"0.001,100,0.1",48,0.0008202074990606286,0.05449794616090169,99.9403409090909,97.48973437323086,1.0,1.0,1.0,0.875,1.0,0.9333333333333333
2,CNN__combined,2020-04-20 19:42:12.373155,"0.001,100,0.1",49,0.0008304866967018549,0.055959885197068494,99.9375,97.4444445181584,1.0,1.0,1.0,0.875,1.0,0.9333333333333333
2,CNN__combined,2020-04-20 19:44:21.317431,"0.001,100,0.1",50,0.0007730216401942173,0.052254490879238336,99.9403409090909,97.48173312864442,1.0,0.875,1.0,0.875,1.0,0.875
0,MultiCNN_lexical_combined,2020-04-20 19:46:52.814066,"0.001,100,0.1",1,0.12955415722160113,0.07146959535237672,86.65286795876243,93.7939311594203,0.8125,0.7777777777777778,0.9069767441860465,0.875,0.8571428571428572,0.823529411764706
0,MultiCNN_lexical_combined,2020-04-20 19:49:03.319280,"0.001,100,0.1",2,0.05511984495857319,0.05284590657206549,95.07345780806108,94.25815217391305,0.8863636363636364,0.7777777777777778,0.9512195121951219,0.875,0.9176470588235294,0.823529411764706
0,MultiCNN_lexical_combined,2020-04-20 19:51:14.242237,"0.001,100,0.1",3,0.033372181557215656,0.03901020968350884,97.09077381480824,96.5419686358908,0.9574468085106383,0.875,0.9782608695652174,0.875,0.967741935483871,0.875
0,MultiCNN_lexical_combined,2020-04-20 19:53:22.742371,"0.001,100,0.1",4,0.022110877007858836,0.04935510295915647,98.19872836026279,96.71180559241253,0.972972972972973,1.0,1.0,0.75,0.9863013698630138,0.8571428571428571
0,MultiCNN_lexical_combined,2020-04-20 19:55:32.569388,"0.001,100,0.1",5,0.015525992544230831,0.036367245867065544,98.82670454545455,97.1873490706734,1.0,0.875,1.0,0.875,1.0,0.875
0,MultiCNN_lexical_combined,2020-04-20 19:57:46.232652,"0.001,100,0.1",6,0.010914513639222783,0.03620485374843477,99.22997836026279,97.27792878081833,0.9761904761904762,0.875,1.0,0.875,0.9879518072289156,0.875
0,MultiCNN_lexical_combined,2020-04-20 19:59:57.438924,"0.001,100,0.1",7,0.008307460909890763,0.03431139504273787,99.44602272727273,97.26660631705022,1.0,0.875,1.0,0.875,1.0,0.875
0,MultiCNN_lexical_combined,2020-04-20 20:02:08.005284,"0.001,100,0.1",8,0.007633730987766233,0.035471153313222065,99.48863636363636,96.88164254893427,0.9166666666666666,0.875,1.0,0.875,0.9565217391304348,0.875
0,MultiCNN_lexical_combined,2020-04-20 20:04:20.937033,"0.001,100,0.1",9,0.007613633051877479,0.036577256820412074,99.42884199662642,97.39115341849948,0.95,0.875,1.0,0.875,0.9743589743589743,0.875
0,MultiCNN_lexical_combined,2020-04-20 20:06:31.709555,"0.001,100,0.1",10,0.006392740430411161,0.03497943694339975,99.55397727272727,97.20999399820964,0.975609756097561,0.875,1.0,0.875,0.9876543209876543,0.875
0,MultiCNN_lexical_combined,2020-04-20 20:08:41.378021,"0.001,100,0.1",11,0.005294036201289069,0.0382751586326344,99.60795454545455,97.4704106648763,1.0,0.875,0.9777777777777777,0.875,0.9887640449438202,0.875
0,MultiCNN_lexical_combined,2020-04-20 20:10:51.061275,"0.001,100,0.1",12,0.0056629144253049985,0.037170967256294894,99.5909090909091,97.01419089497,0.9583333333333334,0.8888888888888888,1.0,1.0,0.9787234042553191,0.9411764705882353
0,MultiCNN_lexical_combined,2020-04-20 20:12:59.658446,"0.001,100,0.1",13,0.005154472350528932,0.03647802641264338,99.61079545454545,96.80238530255747,0.918918918918919,0.875,1.0,0.875,0.9577464788732395,0.875
0,MultiCNN_lexical_combined,2020-04-20 20:15:08.057744,"0.001,100,0.1",14,0.006895749317582906,0.04841053870300749,99.47443181818181,97.16470414313717,1.0,0.875,1.0,0.875,1.0,0.875
0,MultiCNN_lexical_combined,2020-04-20 20:17:19.495307,"0.001,100,0.1",15,0.005601452456200616,0.03803722744118107,99.56818181818181,97.06280196922413,0.975,0.875,1.0,0.875,0.9873417721518987,0.875
0,MultiCNN_lexical_combined,2020-04-20 20:19:28.090451,"0.001,100,0.1",16,0.004071621728720329,0.03823693326376896,99.69602272727273,97.3345410996589,1.0,0.875,1.0,0.875,1.0,0.875
0,MultiCNN_lexical_combined,2020-04-20 20:21:38.863429,"0.001,100,0.1",17,0.004055088653218594,0.04048740192563925,99.70170454545455,96.86699886598448,0.9565217391304348,0.8888888888888888,1.0,1.0,0.9777777777777777,0.9411764705882353
0,MultiCNN_lexical_combined,2020-04-20 20:23:50.736605,"0.001,100,0.1",18,0.005057904546479674,0.0570546459555789,99.62770563299006,97.16470414313717,1.0,0.875,1.0,0.875,1.0,0.875
0,MultiCNN_lexical_combined,2020-04-20 20:26:00.803580,"0.001,100,0.1",19,0.0029422019158557534,0.044663016386240144,99.80113636363636,97.28925124458645,1.0,0.875,1.0,0.875,1.0,0.875
0,MultiCNN_lexical_combined,2020-04-20 20:28:09.020213,"0.001,100,0.1",20,0.002827330418266215,0.04443019636922992,99.83806818181819,97.3232186358908,1.0,0.875,1.0,0.875,1.0,0.875
0,MultiCNN_lexical_combined,2020-04-20 20:30:22.085801,"0.001,100,0.1",21,0.0024755452871053013,0.04252132482174334,99.8465909090909,97.36850849096326,0.9743589743589743,0.875,1.0,0.875,0.9870129870129869,0.875
0,MultiCNN_lexical_combined,2020-04-20 20:32:30.350886,"0.001,100,0.1",22,0.002254931400371292,0.04211972992774999,99.85511363636364,97.39115341849948,1.0,0.875,1.0,0.875,1.0,0.875
0,MultiCNN_lexical_combined,2020-04-20 20:34:41.828076,"0.001,100,0.1",23,0.0019905575796207355,0.04144937123501547,99.88352272727273,97.42512080980384,1.0,0.875,1.0,0.875,1.0,0.875
0,MultiCNN_lexical_combined,2020-04-20 20:36:53.187808,"0.001,100,0.1",24,0.0018695289795125686,0.042708549743359636,99.88636363636364,97.43644327357195,1.0,0.875,1.0,0.875,1.0,0.875
0,MultiCNN_lexical_combined,2020-04-20 20:39:02.642939,"0.001,100,0.1",25,0.0019597169320672058,0.043562324237138045,99.875,97.42512080980384,1.0,0.875,1.0,0.875,1.0,0.875
0,MultiCNN_lexical_combined,2020-04-20 20:41:10.642730,"0.001,100,0.1",26,0.0019471716902456125,0.04525248679592542,99.88338745117187,97.39115341849948,1.0,0.875,1.0,0.875,1.0,0.875
0,MultiCNN_lexical_combined,2020-04-20 20:43:18.686528,"0.001,100,0.1",27,0.001663411668558742,0.04770101628973765,99.90056818181819,97.3232186358908,1.0,0.875,1.0,0.875,1.0,0.875
0,MultiCNN_lexical_combined,2020-04-20 20:45:30.155483,"0.001,100,0.1",28,0.0017119737453281211,0.047479081001790165,99.88920454545455,97.34586356342703,1.0,0.875,1.0,0.875,1.0,0.875
0,MultiCNN_lexical_combined,2020-04-20 20:47:43.106643,"0.001,100,0.1",29,0.0018556856383181235,0.048384616063131075,99.88352272727273,97.34586356342703,1.0,0.875,1.0,0.875,1.0,0.875
0,MultiCNN_lexical_combined,2020-04-20 20:49:53.700596,"0.001,100,0.1",30,0.0016949443648306218,0.0449171537062764,99.875,97.44776573734006,1.0,0.875,1.0,0.875,1.0,0.875
0,MultiCNN_lexical_combined,2020-04-20 20:52:07.274989,"0.001,100,0.1",31,0.001520659497121875,0.0421784477955791,99.90625,97.48173312864442,1.0,0.875,1.0,0.875,1.0,0.875
0,MultiCNN_lexical_combined,2020-04-20 20:54:15.466868,"0.001,100,0.1",32,0.0014857214490995938,0.04056345596811104,99.90625,97.36850849096326,1.0,0.875,1.0,0.875,1.0,0.875
0,MultiCNN_lexical_combined,2020-04-20 20:56:27.262790,"0.001,100,0.1",33,0.001535076885135165,0.04110313042546712,99.9090909090909,97.49305559241253,1.0,0.875,1.0,0.875,1.0,0.875
0,MultiCNN_lexical_combined,2020-04-20 20:58:37.548281,"0.001,100,0.1",34,0.001402885767521495,0.0474098603666652,99.91761363636364,97.41379834603572,0.9545454545454546,0.875,1.0,0.875,0.9767441860465117,0.875
0,MultiCNN_lexical_combined,2020-04-20 21:00:48.600720,"0.001,100,0.1",35,0.0014209316802454017,0.041407912097303844,99.91761363636364,97.538345447485,1.0,0.875,1.0,0.875,1.0,0.875
0,MultiCNN_lexical_combined,2020-04-20 21:02:59.610807,"0.001,100,0.1",36,0.001375633591358415,0.04454418559013731,99.91761363636364,97.538345447485,1.0,0.875,1.0,0.875,1.0,0.875
0,MultiCNN_lexical_combined,2020-04-20 21:05:11.761572,"0.001,100,0.1",37,0.001255975779092662,0.04369924029581988,99.92613636363636,97.52702298371688,1.0,0.875,1.0,0.875,1.0,0.875
0,MultiCNN_lexical_combined,2020-04-20 21:07:22.580519,"0.001,100,0.1",38,0.0013201559169555095,0.04435920481744406,99.91193181818181,97.50437805618066,1.0,0.875,1.0,0.875,1.0,0.875
0,MultiCNN_lexical_combined,2020-04-20 21:09:33.049459,"0.001,100,0.1",39,0.0011942212827928522,0.04566835695899323,99.92613636363636,97.52702298371688,1.0,0.875,1.0,0.875,1.0,0.875
0,MultiCNN_lexical_combined,2020-04-20 21:11:42.869322,"0.001,100,0.1",40,0.0012141684517193811,0.04424340417972768,99.92045454545455,97.52702298371688,1.0,0.875,1.0,0.875,1.0,0.875
0,MultiCNN_lexical_combined,2020-04-20 21:13:54.816017,"0.001,100,0.1",41,0.0014327186800905372,0.042813073506442145,99.90625,97.56099037502123,1.0,0.875,1.0,0.875,1.0,0.875
0,MultiCNN_lexical_combined,2020-04-20 21:16:07.586063,"0.001,100,0.1",42,0.0012702225077304147,0.04173662753529388,99.92045454545455,97.50437805618066,1.0,0.875,1.0,0.875,1.0,0.875
0,MultiCNN_lexical_combined,2020-04-20 21:18:18.494784,"0.001,100,0.1",43,0.0014110625791839033,0.04216131778269981,99.89772727272727,97.538345447485,1.0,0.875,1.0,0.875,1.0,0.875
0,MultiCNN_lexical_combined,2020-04-20 21:20:29.957294,"0.001,100,0.1",44,0.0014676573424789302,0.046831732663761255,99.90056818181819,97.51570051994877,1.0,0.875,1.0,0.875,1.0,0.875
0,MultiCNN_lexical_combined,2020-04-20 21:22:42.964710,"0.001,100,0.1",45,0.0011611549461730888,0.04286514763411299,99.92329545454545,97.62892515762992,1.0,0.875,1.0,0.875,1.0,0.875
0,MultiCNN_lexical_combined,2020-04-20 21:24:52.676442,"0.001,100,0.1",46,0.001253853880085184,0.049552365607573035,99.91193181818181,97.43644327357195,0.9743589743589743,0.875,1.0,0.875,0.9870129870129869,0.875
0,MultiCNN_lexical_combined,2020-04-20 21:27:01.587316,"0.001,100,0.1",47,0.0010383616497443317,0.044154726183148786,99.93181818181819,97.58363530255747,1.0,0.875,1.0,0.875,1.0,0.875
0,MultiCNN_lexical_combined,2020-04-20 21:29:11.151153,"0.001,100,0.1",48,0.001071565907894663,0.0442265093482239,99.92613636363636,97.61760269386181,1.0,0.875,1.0,0.875,1.0,0.875
0,MultiCNN_lexical_combined,2020-04-20 21:31:23.222687,"0.001,100,0.1",49,0.0010820917574127125,0.04382389733611419,99.92613636363636,97.64024762139805,1.0,0.875,1.0,0.875,1.0,0.875
0,MultiCNN_lexical_combined,2020-04-20 21:33:35.918429,"0.001,100,0.1",50,0.0010742600322010609,0.04282620606204981,99.92613636363636,97.60628023009369,1.0,0.875,1.0,0.875,1.0,0.875
0,MultiCNN_sentiment_combined,2020-04-20 21:35:46.895142,"0.001,100,0.1",1,0.13026847796909738,0.06929932576842641,86.30018940318715,93.70335144927536,0.8292682926829268,0.8571428571428571,0.8947368421052632,0.75,0.860759493670886,0.7999999999999999
0,MultiCNN_sentiment_combined,2020-04-20 21:37:58.421775,"0.001,100,0.1",2,0.052208350094688404,0.047879148106302186,95.42559523148971,95.99849037502123,0.925,0.875,1.0,0.875,0.961038961038961,0.875
0,MultiCNN_sentiment_combined,2020-04-20 21:40:10.718153,"0.001,100,0.1",3,0.03244168348287865,0.039174327245657,97.16450217507102,96.4740338532821,0.9285714285714286,0.875,1.0,0.875,0.962962962962963,0.875
0,MultiCNN_sentiment_combined,2020-04-20 21:42:22.952731,"0.001,100,0.1",4,0.021265465445268205,0.03713030201220966,98.23268399325283,96.757095447485,0.9210526315789473,0.875,1.0,0.875,0.958904109589041,0.875
0,MultiCNN_sentiment_combined,2020-04-20 21:44:36.253384,"0.001,100,0.1",5,0.01504776445963295,0.03745231035750378,98.79234308416193,96.85899762139805,1.0,0.875,0.9736842105263158,0.875,0.9866666666666666,0.875
0,MultiCNN_sentiment_combined,2020-04-20 21:46:47.928469,"0.001,100,0.1",6,0.011865589322675488,0.037049327558626374,99.07954545454545,97.13873799641927,0.96875,0.8888888888888888,1.0,1.0,0.9841269841269841,0.9411764705882353
0,MultiCNN_sentiment_combined,2020-04-20 21:48:59.354418,"0.001,100,0.1",7,0.00933471302332526,0.03755017746516598,99.3606601784446,97.02551335873811,0.9791666666666666,0.8888888888888888,1.0,1.0,0.9894736842105264,0.9411764705882353
0,MultiCNN_sentiment_combined,2020-04-20 21:51:11.773667,"0.001,100,0.1",8,0.007923962665778219,0.051634643468600895,99.38068181818181,96.88164254893427,1.0,0.875,1.0,0.875,1.0,0.875
0,MultiCNN_sentiment_combined,2020-04-20 21:53:24.179933,"0.001,100,0.1",9,0.006427581247609528,0.035685311577413316,99.5284090909091,97.13873799641927,1.0,0.8888888888888888,1.0,1.0,1.0,0.9411764705882353
0,MultiCNN_sentiment_combined,2020-04-20 21:55:34.768988,"0.001,100,0.1",10,0.0061781825797452925,0.03936178927530269,99.53693181818181,96.56129234424536,0.975,0.8888888888888888,1.0,1.0,0.9873417721518987,0.9411764705882353
0,MultiCNN_sentiment_combined,2020-04-20 21:57:45.207569,"0.001,100,0.1",11,0.0059948616628776995,0.04137731512972482,99.58793290571732,96.47071263410044,0.972972972972973,0.8888888888888888,1.0,1.0,0.9863013698630138,0.9411764705882353
0,MultiCNN_sentiment_combined,2020-04-20 21:59:58.406748,"0.001,100,0.1",12,0.006393006863909092,0.04484515115923523,99.51136363636364,97.1873490706734,1.0,0.875,1.0,0.875,1.0,0.875
0,MultiCNN_sentiment_combined,2020-04-20 22:02:10.068741,"0.001,100,0.1",13,0.0055815333947116,0.05037829651495055,99.59943181818181,97.16470414313717,0.975609756097561,0.875,1.0,0.875,0.9876543209876543,0.875
0,MultiCNN_sentiment_combined,2020-04-20 22:04:23.590085,"0.001,100,0.1",14,0.005694658059054316,0.04624741452116213,99.55681818181819,96.09707132975261,1.0,0.8888888888888888,1.0,1.0,1.0,0.9411764705882353
0,MultiCNN_sentiment_combined,2020-04-20 22:06:34.843567,"0.001,100,0.1",15,0.004963383579372683,0.041274453331738854,99.64488636363636,96.85899762139805,0.9722222222222222,0.875,1.0,0.875,0.9859154929577464,0.875
0,MultiCNN_sentiment_combined,2020-04-20 22:08:48.236638,"0.001,100,0.1",16,0.00512462408707207,0.05103688157469502,99.58522727272727,97.1080918242966,1.0,0.875,0.9761904761904762,0.875,0.9879518072289156,0.875
0,MultiCNN_sentiment_combined,2020-04-20 22:10:57.870765,"0.001,100,0.1",17,0.005189595961360184,0.05890023439518595,99.61931818181819,97.05147950545602,1.0,0.875,1.0,0.875,1.0,0.875
0,MultiCNN_sentiment_combined,2020-04-20 22:13:10.044131,"0.001,100,0.1",18,0.00410446818941676,0.04425866051685011,99.68181818181819,96.99486718661544,0.9777777777777777,0.875,1.0,0.875,0.9887640449438202,0.875
0,MultiCNN_sentiment_combined,2020-04-20 22:15:24.985619,"0.001,100,0.1",19,0.00450056666240461,0.042907177850588306,99.66477272727273,96.94957733154297,0.9743589743589743,0.875,1.0,0.875,0.9870129870129869,0.875
0,MultiCNN_sentiment_combined,2020-04-20 22:17:37.315078,"0.001,100,0.1",20,0.003918559424419387,0.05091239656171545,99.73295454545455,97.1194142880647,1.0,0.875,1.0,0.875,1.0,0.875
0,MultiCNN_sentiment_combined,2020-04-20 22:19:52.150147,"0.001,100,0.1",21,0.002887450518966975,0.051207712540309654,99.7784090909091,97.22131646197775,1.0,0.875,1.0,0.875,1.0,0.875
0,MultiCNN_sentiment_combined,2020-04-20 22:22:02.069773,"0.001,100,0.1",22,0.0024787520033872318,0.04757973145235753,99.84375,97.1080918242966,1.0,0.875,1.0,0.875,1.0,0.875
0,MultiCNN_sentiment_combined,2020-04-20 22:24:16.132422,"0.001,100,0.1",23,0.0023495651642351967,0.04949659053862189,99.83522727272727,97.27792878081833,1.0,0.875,1.0,0.875,1.0,0.875
0,MultiCNN_sentiment_combined,2020-04-20 22:26:27.199753,"0.001,100,0.1",24,0.0021587129234456257,0.0471566846646292,99.8606601784446,97.16470414313717,1.0,0.875,0.9714285714285714,0.875,0.9855072463768115,0.875
0,MultiCNN_sentiment_combined,2020-04-20 22:28:39.239108,"0.001,100,0.1",25,0.0018743547445878252,0.046464438542027975,99.88636363636364,97.14205921560094,1.0,0.875,1.0,0.875,1.0,0.875
0,MultiCNN_sentiment_combined,2020-04-20 22:30:52.045815,"0.001,100,0.1",26,0.002053824306269896,0.047782291238955985,99.875,97.13073675183283,1.0,0.875,1.0,0.875,1.0,0.875
0,MultiCNN_sentiment_combined,2020-04-20 22:33:02.272408,"0.001,100,0.1",27,0.0020431722124314815,0.0498379444699748,99.875,97.26660631705022,1.0,0.875,1.0,0.875,1.0,0.875
0,MultiCNN_sentiment_combined,2020-04-20 22:35:12.876595,"0.001,100,0.1",28,0.0017082710728062885,0.05213710034381967,99.90056818181819,97.2552838532821,1.0,0.875,1.0,0.875,1.0,0.875
0,MultiCNN_sentiment_combined,2020-04-20 22:37:22.841023,"0.001,100,0.1",29,0.0015714775830130818,0.053231464004321785,99.89772727272727,97.26660631705022,1.0,0.875,1.0,0.875,1.0,0.875
0,MultiCNN_sentiment_combined,2020-04-20 22:39:32.548035,"0.001,100,0.1",30,0.0018445531470593756,0.0481714691634426,99.88352272727273,97.26660631705022,1.0,0.875,1.0,0.875,1.0,0.875
0,MultiCNN_sentiment_combined,2020-04-20 22:41:44.132156,"0.001,100,0.1",31,0.001599983756028663,0.048508061384292915,99.90056818181819,97.2552838532821,1.0,0.875,1.0,0.875,1.0,0.875
0,MultiCNN_sentiment_combined,2020-04-20 22:44:00.047077,"0.001,100,0.1",32,0.0014599659140206657,0.047761173153375976,99.9034090909091,97.19867153444152,1.0,0.875,1.0,0.875,1.0,0.875
0,MultiCNN_sentiment_combined,2020-04-20 22:46:12.267746,"0.001,100,0.1",33,0.0015784860180410051,0.047700081807513416,99.89488636363636,97.19867153444152,1.0,0.875,1.0,0.875,1.0,0.875
0,MultiCNN_sentiment_combined,2020-04-20 22:48:25.646245,"0.001,100,0.1",34,0.001545060603516287,0.05166975597543912,99.89204545454545,97.3345410996589,1.0,0.875,1.0,0.875,1.0,0.875
0,MultiCNN_sentiment_combined,2020-04-20 22:50:37.508195,"0.001,100,0.1",35,0.0016137005461288416,0.04767549518366167,99.88636363636364,97.16470414313717,1.0,0.875,1.0,0.875,1.0,0.875
0,MultiCNN_sentiment_combined,2020-04-20 22:52:49.299693,"0.001,100,0.1",36,0.0014624727238196418,0.04831739210625177,99.90056818181819,97.1080918242966,1.0,0.875,1.0,0.875,1.0,0.875
0,MultiCNN_sentiment_combined,2020-04-20 22:55:00.503027,"0.001,100,0.1",37,0.0013509957522179808,0.050356239128437744,99.91477272727273,97.22131646197775,1.0,0.875,1.0,0.875,1.0,0.875
0,MultiCNN_sentiment_combined,2020-04-20 22:57:10.126715,"0.001,100,0.1",38,0.0014674428756820245,0.050212275074105396,99.89488636363636,97.30057370835456,1.0,0.875,1.0,0.875,1.0,0.875
0,MultiCNN_sentiment_combined,2020-04-20 22:59:19.890014,"0.001,100,0.1",39,0.0012322534549558278,0.05143705189158321,99.92613636363636,97.34586356342703,1.0,0.875,1.0,0.875,1.0,0.875
0,MultiCNN_sentiment_combined,2020-04-20 23:01:29.158679,"0.001,100,0.1",40,0.001319851507215425,0.046312025542484016,99.9090909090909,97.13873799641927,1.0,0.8888888888888888,1.0,1.0,1.0,0.9411764705882353
0,MultiCNN_sentiment_combined,2020-04-20 23:03:36.152392,"0.001,100,0.1",41,0.0012711544334504188,0.05470859239614627,99.92329545454545,97.27792878081833,0.9761904761904762,0.875,1.0,0.875,0.9879518072289156,0.875
0,MultiCNN_sentiment_combined,2020-04-20 23:05:45.475870,"0.001,100,0.1",42,0.0013202946560485823,0.04808488095749466,99.91193181818181,97.3232186358908,1.0,0.875,1.0,0.875,1.0,0.875
0,MultiCNN_sentiment_combined,2020-04-20 23:07:56.645733,"0.001,100,0.1",43,0.0012184204465944726,0.049265751106504815,99.92329545454545,97.28925124458645,1.0,0.875,1.0,0.875,1.0,0.875
0,MultiCNN_sentiment_combined,2020-04-20 23:10:08.109073,"0.001,100,0.1",44,0.0011516404963623596,0.05142949114994546,99.92329545454545,97.34586356342703,1.0,0.875,1.0,0.875,1.0,0.875
0,MultiCNN_sentiment_combined,2020-04-20 23:12:18.979197,"0.001,100,0.1",45,0.0011034209582106351,0.05016401836800711,99.93181818181819,97.3345410996589,1.0,0.875,1.0,0.875,1.0,0.875
0,MultiCNN_sentiment_combined,2020-04-20 23:14:28.728922,"0.001,100,0.1",46,0.0012880236449050698,0.04656742058869266,99.91477272727273,97.1613829239555,1.0,0.8888888888888888,1.0,1.0,1.0,0.9411764705882353
0,MultiCNN_sentiment_combined,2020-04-20 23:16:39.733175,"0.001,100,0.1",47,0.0012093667530809233,0.05201672004270064,99.92613636363636,97.36850849096326,1.0,0.875,1.0,0.875,1.0,0.875
0,MultiCNN_sentiment_combined,2020-04-20 23:18:50.287465,"0.001,100,0.1",48,0.0012260689559609084,0.04781979876591212,99.92613636363636,97.24396138951398,1.0,0.875,1.0,0.875,1.0,0.875
0,MultiCNN_sentiment_combined,2020-04-20 23:20:59.434783,"0.001,100,0.1",49,0.0013614054656686065,0.04732029411711186,99.91477272727273,97.1194142880647,1.0,0.875,1.0,0.875,1.0,0.875
0,MultiCNN_sentiment_combined,2020-04-20 23:23:06.371598,"0.001,100,0.1",50,0.0012101275627601472,0.04646969528922503,99.92329545454545,97.06280196922413,1.0,0.875,1.0,0.875,1.0,0.875
0,MultiCNN_category_combined,2020-04-20 23:25:14.517906,"0.001,100,0.1",1,0.12905966805689262,0.07135302501096241,86.88014068603516,93.5774456521739,0.8823529411764706,0.6,0.967741935483871,0.75,0.923076923076923,0.6666666666666665
0,MultiCNN_category_combined,2020-04-20 23:27:26.357724,"0.001,100,0.1",2,0.0565502414836254,0.04863457789401645,94.85984849409624,96.13435994023862,0.7837837837837838,0.875,1.0,0.875,0.8787878787878788,0.875
0,MultiCNN_category_combined,2020-04-20 23:29:36.744559,"0.001,100,0.1",3,0.03437312325115973,0.041024680942980854,97.09916126598011,95.95652173913044,0.8409090909090909,0.7777777777777778,0.9736842105263158,0.875,0.9024390243902439,0.823529411764706
0,MultiCNN_category_combined,2020-04-20 23:31:46.954040,"0.001,100,0.1",4,0.02197270840995046,0.03965258666588632,98.14772727272727,96.88164254893427,0.9310344827586207,0.875,0.9310344827586207,0.875,0.9310344827586207,0.875
0,MultiCNN_category_combined,2020-04-20 23:33:57.658013,"0.001,100,0.1",5,0.01632043022315675,0.03734777172491998,98.7015692693537,96.65519327357195,0.9743589743589743,0.875,1.0,0.875,0.9870129870129869,0.875
0,MultiCNN_category_combined,2020-04-20 23:36:07.868484,"0.001,100,0.1",6,0.012703577899434543,0.04573438964140768,98.9971590909091,96.9042874764705,1.0,0.875,1.0,0.875,1.0,0.875
0,MultiCNN_category_combined,2020-04-20 23:38:17.420467,"0.001,100,0.1",7,0.00996268974344984,0.036260840926040414,99.21022727272727,97.05147950545602,0.975609756097561,0.875,1.0,0.875,0.9876543209876543,0.875
0,MultiCNN_category_combined,2020-04-20 23:40:26.509225,"0.001,100,0.1",8,0.007867669082706334,0.03625679789331476,99.45170454545455,97.1194142880647,1.0,0.875,0.9642857142857143,0.875,0.9818181818181818,0.875
0,MultiCNN_category_combined,2020-04-20 23:42:36.257569,"0.001,100,0.1",9,0.0072238971058226865,0.04099507159695191,99.5028409090909,97.09676936052847,0.9736842105263158,0.875,0.9736842105263158,0.875,0.9736842105263158,0.875
0,MultiCNN_category_combined,2020-04-20 23:44:45.838854,"0.001,100,0.1",10,0.005898590918541664,0.04700587974082913,99.57670454545455,97.19867153444152,0.9696969696969697,0.875,0.9696969696969697,0.875,0.9696969696969697,0.875
0,MultiCNN_category_combined,2020-04-20 23:46:54.474659,"0.001,100,0.1",11,0.007219892738647033,0.037205076573578556,99.40043290571732,97.14205921560094,1.0,0.875,1.0,0.875,1.0,0.875
0,MultiCNN_category_combined,2020-04-20 23:49:01.799668,"0.001,100,0.1",12,0.007313795280582332,0.036967246356523695,99.45170454545455,96.94957733154297,0.9736842105263158,0.875,1.0,0.875,0.9866666666666666,0.875
0,MultiCNN_category_combined,2020-04-20 23:51:11.289575,"0.001,100,0.1",13,0.005891212430849139,0.044956223548183016,99.57102272727273,97.14205921560094,1.0,0.875,1.0,0.875,1.0,0.875
0,MultiCNN_category_combined,2020-04-20 23:53:21.261142,"0.001,100,0.1",14,0.004667470098958951,0.043167997962673725,99.64204545454545,97.23263892574587,1.0,0.875,1.0,0.875,1.0,0.875
0,MultiCNN_category_combined,2020-04-20 23:55:30.567201,"0.001,100,0.1",15,0.004681995579379699,0.046315480573620234,99.6703192693537,97.22131646197775,1.0,0.875,1.0,0.875,1.0,0.875
0,MultiCNN_category_combined,2020-04-20 23:57:41.185208,"0.001,100,0.1",16,0.005601552898344963,0.04491576562569238,99.55681818181819,97.12741553265116,0.9714285714285714,0.8888888888888888,0.9714285714285714,1.0,0.9714285714285714,0.9411764705882353
0,MultiCNN_category_combined,2020-04-20 23:59:51.258253,"0.001,100,0.1",17,0.005077628498273051,0.04195522946244835,99.6221590909091,96.94957733154297,1.0,0.875,1.0,0.875,1.0,0.875
0,MultiCNN_category_combined,2020-04-21 00:02:02.343739,"0.001,100,0.1",18,0.006537524941888864,0.047867161622687115,99.49147727272727,97.21799524279608,0.9705882352941176,0.8888888888888888,1.0,1.0,0.9850746268656716,0.9411764705882353
0,MultiCNN_category_combined,2020-04-21 00:04:14.615225,"0.001,100,0.1",19,0.004761024903918282,0.04266269387956259,99.6278409090909,96.5952597355497,1.0,0.8888888888888888,1.0,1.0,1.0,0.9411764705882353
0,MultiCNN_category_combined,2020-04-21 00:06:25.897367,"0.001,100,0.1",20,0.0030569465804363306,0.041489859109335,99.77556818181819,97.24396138951398,0.9777777777777777,0.875,1.0,0.875,0.9887640449438202,0.875
0,MultiCNN_category_combined,2020-04-21 00:08:36.904424,"0.001,100,0.1",21,0.0026681608435429748,0.04782183876256616,99.84375,97.28925124458645,1.0,0.875,1.0,0.875,1.0,0.875
0,MultiCNN_category_combined,2020-04-21 00:10:47.948750,"0.001,100,0.1",22,0.00274899628622663,0.043068537716202636,99.82670454545455,97.3345410996589,1.0,0.875,1.0,0.875,1.0,0.875
0,MultiCNN_category_combined,2020-04-21 00:12:59.422929,"0.001,100,0.1",23,0.0023186390223263794,0.04280728441863298,99.86647727272727,97.3345410996589,1.0,0.875,1.0,0.875,1.0,0.875
0,MultiCNN_category_combined,2020-04-21 00:15:05.645736,"0.001,100,0.1",24,0.002451832580790367,0.04192234539138918,99.8409090909091,97.31189617212267,0.9791666666666666,0.875,1.0,0.875,0.9894736842105264,0.875
0,MultiCNN_category_combined,2020-04-21 00:17:14.903058,"0.001,100,0.1",25,0.002250163326099378,0.04331330932555315,99.8721590909091,97.31189617212267,1.0,0.875,1.0,0.875,1.0,0.875
0,MultiCNN_category_combined,2020-04-21 00:19:26.595934,"0.001,100,0.1",26,0.002121217374637465,0.04251742319675761,99.86079545454545,97.3232186358908,1.0,0.875,1.0,0.875,1.0,0.875
0,MultiCNN_category_combined,2020-04-21 00:21:35.477053,"0.001,100,0.1",27,0.0019848944126914085,0.04251806335213284,99.88352272727273,97.35718602719514,1.0,0.875,1.0,0.875,1.0,0.875
0,MultiCNN_category_combined,2020-04-21 00:23:46.781533,"0.001,100,0.1",28,0.0019316614509884717,0.04465662831278036,99.8721590909091,97.35718602719514,1.0,0.875,1.0,0.875,1.0,0.875
0,MultiCNN_category_combined,2020-04-21 00:25:53.939644,"0.001,100,0.1",29,0.00198175101551188,0.04294682380205114,99.88920454545455,97.35718602719514,0.975,0.875,1.0,0.875,0.9873417721518987,0.875
0,MultiCNN_category_combined,2020-04-21 00:28:03.602578,"0.001,100,0.1",30,0.001987731449363463,0.04360412148641229,99.8606601784446,97.3345410996589,1.0,0.875,1.0,0.875,1.0,0.875
0,MultiCNN_category_combined,2020-04-21 00:30:13.512480,"0.001,100,0.1",31,0.001771845166682058,0.04394392549280181,99.9034090909091,97.3232186358908,0.975609756097561,0.875,1.0,0.875,0.9876543209876543,0.875
0,MultiCNN_category_combined,2020-04-21 00:32:24.831845,"0.001,100,0.1",32,0.0016927781797388872,0.04312963073336742,99.89772727272727,97.30057370835456,1.0,0.875,1.0,0.875,1.0,0.875
0,MultiCNN_category_combined,2020-04-21 00:34:33.194266,"0.001,100,0.1",33,0.0016212552633084604,0.04356243970985007,99.9034090909091,97.30057370835456,1.0,0.875,1.0,0.875,1.0,0.875
0,MultiCNN_category_combined,2020-04-21 00:36:44.457108,"0.001,100,0.1",34,0.0015479510509647384,0.04331831381842663,99.9034090909091,97.36850849096326,1.0,0.875,1.0,0.875,1.0,0.875
0,MultiCNN_category_combined,2020-04-21 00:38:55.081309,"0.001,100,0.1",35,0.0016756263522136941,0.04250713210913987,99.88352272727273,97.2552838532821,1.0,0.875,1.0,0.875,1.0,0.875
0,MultiCNN_category_combined,2020-04-21 00:41:05.581208,"0.001,100,0.1",36,0.0014754977543933823,0.043566911065757524,99.90625,97.3345410996589,1.0,0.875,1.0,0.875,1.0,0.875
0,MultiCNN_category_combined,2020-04-21 00:43:17.740506,"0.001,100,0.1",37,0.0015491183058790122,0.04583993696254467,99.9034090909091,97.37983095473137,1.0,0.875,1.0,0.875,1.0,0.875
0,MultiCNN_category_combined,2020-04-21 00:45:27.213739,"0.001,100,0.1",38,0.001501458563830036,0.04122124316124133,99.9090909090909,97.19867153444152,1.0,0.875,1.0,0.875,1.0,0.875
0,MultiCNN_category_combined,2020-04-21 00:47:38.182523,"0.001,100,0.1",39,0.0013093212382574123,0.043999437807939926,99.92329545454545,97.35718602719514,0.9696969696969697,0.875,1.0,0.875,0.9846153846153847,0.875
0,MultiCNN_category_combined,2020-04-21 00:49:50.350137,"0.001,100,0.1",40,0.0013873041879698923,0.047873890857343844,99.9034090909091,97.34586356342703,1.0,0.875,1.0,0.875,1.0,0.875
0,MultiCNN_category_combined,2020-04-21 00:52:01.168286,"0.001,100,0.1",41,0.0012558132656417772,0.0437093196891598,99.91193181818181,97.37983095473137,1.0,0.875,1.0,0.875,1.0,0.875
0,MultiCNN_category_combined,2020-04-21 00:54:11.002890,"0.001,100,0.1",42,0.0012673102160369563,0.04436339297839429,99.92613636363636,97.35718602719514,0.9696969696969697,0.875,1.0,0.875,0.9846153846153847,0.875
0,MultiCNN_category_combined,2020-04-21 00:56:23.413772,"0.001,100,0.1",43,0.001293961137503706,0.04266450343300939,99.91761363636364,97.19867153444152,1.0,0.875,1.0,0.875,1.0,0.875
0,MultiCNN_category_combined,2020-04-21 00:58:32.036248,"0.001,100,0.1",44,0.0012674373004365525,0.04703799669147449,99.92045454545455,97.34586356342703,1.0,0.875,1.0,0.875,1.0,0.875
0,MultiCNN_category_combined,2020-04-21 01:00:42.237300,"0.001,100,0.1",45,0.001389577864900204,0.047135158446136576,99.90625,97.35718602719514,1.0,0.875,1.0,0.875,1.0,0.875
0,MultiCNN_category_combined,2020-04-21 01:02:50.615505,"0.001,100,0.1",46,0.0013094547846671033,0.048170279490832885,99.91477272727273,97.37983095473137,1.0,0.875,1.0,0.875,1.0,0.875
0,MultiCNN_category_combined,2020-04-21 01:04:59.767988,"0.001,100,0.1",47,0.0014836650997032642,0.045623938172939235,99.90056818181819,97.37983095473137,1.0,0.875,1.0,0.875,1.0,0.875
0,MultiCNN_category_combined,2020-04-21 01:07:09.252721,"0.001,100,0.1",48,0.0012345847578729841,0.0450447465889049,99.91761363636364,97.41379834603572,1.0,0.875,1.0,0.875,1.0,0.875
0,MultiCNN_category_combined,2020-04-21 01:09:18.665704,"0.001,100,0.1",49,0.0011128893712903645,0.047302146379671124,99.92897727272727,97.44776573734006,1.0,0.875,1.0,0.875,1.0,0.875
0,MultiCNN_category_combined,2020-04-21 01:11:30.336088,"0.001,100,0.1",50,0.0012940873501462522,0.04828474154491157,99.92329545454545,97.3232186358908,1.0,0.875,1.0,0.875,1.0,0.875
1,MultiCNN_lexical_combined,2020-04-21 01:13:42.879292,"0.001,100,0.1",1,0.1305583097666373,0.07195994290104811,86.3000541270863,93.14855072463769,0.8333333333333334,0.8571428571428571,0.875,0.75,0.8536585365853658,0.7999999999999999
1,MultiCNN_lexical_combined,2020-04-21 01:15:53.366769,"0.001,100,0.1",2,0.05448366039597884,0.04749527401988201,95.05100108753551,95.33046501270239,0.9545454545454546,0.8,1.0,1.0,0.9767441860465117,0.888888888888889
1,MultiCNN_lexical_combined,2020-04-21 01:18:04.917984,"0.001,100,0.1",3,0.03290151255422985,0.0387971074324875,97.15584417169744,96.41742153444152,0.7948717948717948,0.875,1.0,0.875,0.8857142857142858,0.875
1,MultiCNN_lexical_combined,2020-04-21 01:20:14.373670,"0.001,100,0.1",4,0.02075407232992448,0.04381130609571358,98.3294101784446,96.78774161960767,0.98,1.0,1.0,0.875,0.98989898989899,0.9333333333333333
1,MultiCNN_lexical_combined,2020-04-21 01:22:24.088506,"0.001,100,0.1",5,0.01405363582360893,0.03468101653594362,98.92884199662642,96.91228872105695,0.9767441860465116,0.8888888888888888,1.0,1.0,0.988235294117647,0.9411764705882353
1,MultiCNN_lexical_combined,2020-04-21 01:24:33.469785,"0.001,100,0.1",6,0.0107286431323495,0.03404568174122811,99.20738636363636,97.02883457791978,0.9487179487179487,0.875,1.0,0.875,0.9736842105263158,0.875
1,MultiCNN_lexical_combined,2020-04-21 01:26:45.267643,"0.001,100,0.1",7,0.008735015764368852,0.03620340398868213,99.3721590909091,97.13073675183283,0.9117647058823529,0.875,1.0,0.875,0.9538461538461539,0.875
1,MultiCNN_lexical_combined,2020-04-21 01:28:55.202473,"0.001,100,0.1",8,0.008396918193539967,0.035866004013127964,99.38636363636364,96.65187205439028,0.9736842105263158,0.8888888888888888,1.0,1.0,0.9866666666666666,0.9411764705882353
1,MultiCNN_lexical_combined,2020-04-21 01:31:08.733141,"0.001,100,0.1",9,0.007325013062515542,0.0356009943674179,99.44602272727273,96.76509669207144,1.0,0.8888888888888888,1.0,1.0,1.0,0.9411764705882353
1,MultiCNN_lexical_combined,2020-04-21 01:33:17.492522,"0.001,100,0.1",10,0.006594193415047028,0.03814416547127041,99.4971590909091,97.13073675183283,1.0,0.875,1.0,0.875,1.0,0.875
1,MultiCNN_lexical_combined,2020-04-21 01:35:27.816404,"0.001,100,0.1",11,0.005493923240760543,0.04084585965617227,99.6221590909091,97.30057370835456,1.0,0.875,1.0,0.875,1.0,0.875
1,MultiCNN_lexical_combined,2020-04-21 01:37:38.546299,"0.001,100,0.1",12,0.004544155859258389,0.048312943079891264,99.70738636363636,95.45169089497,0.9696969696969697,0.8888888888888888,1.0,1.0,0.9846153846153847,0.9411764705882353
1,MultiCNN_lexical_combined,2020-04-21 01:39:47.866894,"0.001,100,0.1",13,0.004364491383554172,0.03738871086857862,99.70170454545455,96.87832132975261,1.0,0.8888888888888888,1.0,1.0,1.0,0.9411764705882353
1,MultiCNN_lexical_combined,2020-04-21 01:41:59.158136,"0.001,100,0.1",14,0.003903117170615336,0.054424605065673266,99.7215909090909,97.20999399820964,1.0,0.875,0.9666666666666667,0.875,0.983050847457627,0.875
